"Date","Price","Open","High","Low","Vol.","Change %"
"12/30/2022","1,152.80","1,153.74","1,156.05","1,145.78","","-0.08%"
"12/29/2022","1,153.74","1,132.47","1,153.74","1,132.01","","1.94%"
"12/28/2022","1,131.79","1,157.29","1,157.29","1,131.79","","-2.24%"
"12/27/2022","1,157.67","1,147.14","1,158.27","1,125.33","","1.50%"
"12/23/2022","1,140.61","1,147.82","1,147.82","1,127.49","","0.99%"
"12/22/2022","1,129.42","1,161.36","1,162.42","1,129.42","","-2.60%"
"12/21/2022","1,159.54","1,154.96","1,161.75","1,154.96","","0.57%"
"12/20/2022","1,152.95","1,154.69","1,160.75","1,152.15","","-0.15%"
"12/19/2022","1,154.69","1,163.28","1,163.51","1,153.98","","-0.57%"
"12/16/2022","1,161.29","1,159.23","1,161.81","1,153.96","","0.47%"
"12/15/2022","1,155.81","1,156.49","1,166.13","1,155.81","","-0.08%"
"12/14/2022","1,156.76","1,150.98","1,176.75","1,149.46","","0.50%"
"12/13/2022","1,150.98","1,153.07","1,163.34","1,144.96","","-0.18%"
"12/12/2022","1,153.07","1,132.13","1,164.20","1,132.13","","1.89%"
"12/09/2022","1,131.69","1,134.70","1,149.70","1,130.25","","-0.26%"
"12/08/2022","1,134.61","1,137.32","1,137.32","1,130.50","","-0.22%"
"12/07/2022","1,137.09","1,125.68","1,143.77","1,125.39","","0.60%"
"12/06/2022","1,130.35","1,119.86","1,131.62","1,119.31","","0.95%"
"12/05/2022","1,119.76","1,115.14","1,119.78","1,112.70","","0.38%"
"12/02/2022","1,115.47","1,113.28","1,120.70","1,108.27","","0.16%"
"12/01/2022","1,113.65","1,113.36","1,119.04","1,106.10","","-0.14%"
"11/30/2022","1,115.21","1,109.89","1,115.43","1,109.89","","0.56%"
"11/29/2022","1,108.98","1,111.68","1,111.68","1,102.76","","-0.24%"
"11/28/2022","1,111.68","1,099.31","1,111.68","1,099.31","","0.16%"
"11/25/2022","1,109.92","1,112.60","1,114.44","1,095.60","","-0.22%"
"11/24/2022","1,112.38","1,112.28","1,112.38","1,110.20","","0.09%"
"11/23/2022","1,111.38","1,109.83","1,114.73","1,108.78","","0.16%"
"11/22/2022","1,109.61","1,108.11","1,110.11","1,104.12","","0.03%"
"11/21/2022","1,109.23","1,106.45","1,109.88","1,106.27","","0.24%"
"11/17/2022","1,106.55","1,106.12","1,107.82","1,103.94","","0.21%"
"11/16/2022","1,104.26","1,105.74","1,106.21","1,101.44","","-0.25%"
"11/15/2022","1,107.02","1,102.19","1,107.02","1,101.20","","0.30%"
"11/14/2022","1,103.73","1,109.08","1,109.48","1,103.36","","-0.18%"
"11/11/2022","1,105.74","1,112.10","1,113.66","1,104.52","","-0.58%"
"11/10/2022","1,112.17","1,097.91","1,114.16","1,096.43","","0.68%"
"11/09/2022","1,104.66","1,103.28","1,105.00","1,101.60","","1.37%"
"11/08/2022","1,089.77","1,083.55","1,100.28","1,083.32","","-0.33%"
"11/07/2022","1,093.42","1,087.55","1,100.70","1,080.87","","-0.52%"
"11/04/2022","1,099.15","1,104.64","1,105.30","1,093.64","","-0.50%"
"11/03/2022","1,104.64","1,095.33","1,105.99","1,095.33","","1.06%"
"11/02/2022","1,093.02","1,084.24","1,093.02","1,073.38","","0.74%"
"11/01/2022","1,085.03","1,063.90","1,085.51","1,063.90","","2.17%"
"10/31/2022","1,062.00","1,062.85","1,063.53","1,056.87","","-0.03%"
"10/28/2022","1,062.31","1,067.64","1,067.64","1,062.12","","-0.50%"
"10/27/2022","1,067.64","1,067.96","1,069.56","1,066.18","","0.01%"
"10/26/2022","1,067.51","1,066.50","1,072.08","1,066.50","","0.00%"
"10/25/2022","1,067.48","1,064.18","1,067.48","1,058.36","","0.17%"
"10/24/2022","1,065.62","1,064.32","1,066.80","1,063.80","","0.12%"
"10/21/2022","1,064.32","1,063.30","1,067.31","1,063.30","","0.09%"
"10/20/2022","1,063.41","1,066.21","1,068.51","1,063.41","","-0.35%"
"10/19/2022","1,067.12","1,068.45","1,068.82","1,064.85","","-0.07%"
"10/18/2022","1,067.90","1,069.77","1,077.23","1,066.92","","0.22%"
"10/17/2022","1,065.58","1,069.40","1,072.39","1,065.58","","-2.01%"
"10/14/2022","1,087.46","1,081.14","1,089.89","1,081.14","","1.04%"
"10/13/2022","1,076.25","1,079.75","1,087.39","1,071.06","","-0.37%"
"10/12/2022","1,080.25","1,081.11","1,084.66","1,050.22","","-0.05%"
"10/11/2022","1,080.84","1,083.09","1,092.44","1,074.11","","0.53%"
"10/10/2022","1,075.12","1,090.39","1,093.33","1,074.81","","-1.38%"
"10/07/2022","1,090.17","1,069.96","1,090.98","1,068.85","","1.89%"
"10/06/2022","1,069.96","1,058.86","1,089.99","1,058.64","","0.29%"
"10/05/2022","1,066.86","1,059.30","1,067.37","1,058.71","","0.78%"
"10/04/2022","1,058.64","1,061.76","1,069.02","1,058.64","","-0.38%"
"10/03/2022","1,062.70","1,067.07","1,067.38","1,062.51","","-0.32%"
"09/30/2022","1,066.16","1,077.69","1,084.71","1,064.39","","1.04%"
"09/29/2022","1,055.21","1,051.02","1,081.89","1,051.02","","0.40%"
"09/28/2022","1,051.02","1,083.71","1,083.80","1,051.02","","-3.02%"
"09/27/2022","1,083.76","1,083.81","1,086.67","1,080.23","","0.00%"
"09/26/2022","1,083.81","1,043.76","1,088.10","1,043.76","","-0.24%"
"09/23/2022","1,086.41","1,102.00","1,102.00","1,085.77","","-1.36%"
"09/22/2022","1,101.42","1,094.75","1,101.42","1,086.78","","0.49%"
"09/21/2022","1,096.09","1,095.25","1,102.07","1,090.86","","0.04%"
"09/20/2022","1,095.61","1,098.31","1,101.25","1,094.06","","-0.32%"
"09/19/2022","1,099.09","1,111.50","1,111.50","1,099.09","","-1.51%"
"09/16/2022","1,115.91","1,115.04","1,119.32","1,112.99","","-0.06%"
"09/15/2022","1,116.56","1,120.73","1,121.78","1,112.01","","-0.33%"
"09/14/2022","1,120.23","1,119.43","1,120.60","1,118.11","","0.11%"
"09/13/2022","1,118.96","1,111.59","1,119.04","1,110.62","","0.65%"
"09/12/2022","1,111.74","1,100.68","1,114.20","1,100.68","","1.01%"
"09/09/2022","1,100.61","1,110.68","1,111.32","1,100.61","","-0.89%"
"09/08/2022","1,110.46","1,110.41","1,114.65","1,109.12","","0.06%"
"09/07/2022","1,109.74","1,106.61","1,111.03","1,095.35","","0.18%"
"09/06/2022","1,107.73","1,106.01","1,112.24","1,100.45","","0.22%"
"09/05/2022","1,105.28","1,095.62","1,116.98","1,094.49","","-1.45%"
"09/02/2022","1,121.54","1,115.90","1,125.09","1,093.36","","0.05%"
"09/01/2022","1,120.97","1,103.99","1,124.01","1,103.99","","3.03%"
"08/31/2022","1,087.99","1,099.11","1,109.49","1,048.47","","-2.71%"
"08/30/2022","1,118.28","1,131.34","1,132.22","1,097.80","","-0.53%"
"08/29/2022","1,124.20","1,132.14","1,134.98","1,104.45","","-0.79%"
"08/26/2022","1,133.10","1,133.98","1,135.54","1,123.41","","0.06%"
"08/25/2022","1,132.47","1,136.19","1,137.27","1,118.61","","-0.33%"
"08/24/2022","1,136.19","1,129.23","1,136.19","1,126.10","","0.71%"
"08/23/2022","1,128.21","1,123.50","1,129.04","1,120.73","","0.31%"
"08/22/2022","1,124.75","1,140.57","1,140.98","1,117.94","","-1.82%"
"08/19/2022","1,145.57","1,146.21","1,146.96","1,135.68","","-0.06%"
"08/18/2022","1,146.21","1,145.27","1,147.46","1,142.86","","1.04%"
"08/17/2022","1,134.40","1,143.53","1,145.46","1,134.40","","0.25%"
"08/16/2022","1,131.53","1,134.68","1,143.42","1,131.53","","-1.18%"
"08/15/2022","1,145.04","1,133.31","1,146.50","1,129.89","","0.80%"
"08/12/2022","1,135.98","1,146.41","1,148.00","1,135.60","","-0.73%"
"08/11/2022","1,144.34","1,156.35","1,156.35","1,142.69","","0.25%"
"08/10/2022","1,141.44","1,146.20","1,158.40","1,139.49","","-0.21%"
"08/09/2022","1,143.85","1,153.86","1,154.73","1,143.85","","-0.04%"
"08/08/2022","1,144.28","1,137.07","1,146.64","1,128.97","","0.81%"
"08/05/2022","1,135.09","1,131.30","1,139.07","1,130.43","","0.25%"
"08/04/2022","1,132.28","1,125.54","1,138.01","1,125.54","","0.52%"
"08/03/2022","1,126.44","1,131.63","1,132.75","1,119.97","","-0.38%"
"08/02/2022","1,130.70","1,127.67","1,131.15","1,121.50","","0.26%"
"08/01/2022","1,127.81","1,118.24","1,127.81","1,116.09","","-1.02%"
"07/29/2022","1,139.48","1,117.65","1,139.77","1,115.19","","0.41%"
"07/28/2022","1,134.78","1,141.33","1,144.08","1,129.31","","-0.57%"
"07/27/2022","1,141.33","1,155.07","1,155.07","1,130.87","","-1.17%"
"07/26/2022","1,154.90","1,152.55","1,159.82","1,147.19","","0.36%"
"07/25/2022","1,150.79","1,130.38","1,153.97","1,129.33","","0.82%"
"07/22/2022","1,141.47","1,143.94","1,150.83","1,135.51","","-0.14%"
"07/21/2022","1,143.06","1,137.60","1,145.95","1,136.53","","0.81%"
"07/20/2022","1,133.89","1,124.70","1,133.89","1,119.96","","0.71%"
"07/19/2022","1,125.93","1,120.72","1,126.32","1,115.71","","0.66%"
"07/18/2022","1,118.59","1,115.42","1,120.20","1,113.89","","-0.16%"
"07/15/2022","1,120.37","1,120.31","1,130.77","1,109.13","","-0.21%"
"07/14/2022","1,122.73","1,129.82","1,132.59","1,122.73","","-0.51%"
"07/13/2022","1,128.54","1,143.36","1,145.14","1,127.79","","-0.51%"
"07/12/2022","1,134.31","1,158.17","1,159.34","1,133.65","","-2.07%"
"07/11/2022","1,158.26","1,155.04","1,159.87","1,154.06","","0.03%"
"07/08/2022","1,157.95","1,135.81","1,157.95","1,135.81","","2.73%"
"07/07/2022","1,127.21","1,136.29","1,137.47","1,116.64","","-0.78%"
"07/06/2022","1,136.05","1,139.07","1,143.93","1,119.20","","-0.27%"
"07/05/2022","1,139.07","1,126.71","1,139.20","1,126.71","","1.16%"
"07/04/2022","1,126.03","1,137.46","1,141.34","1,122.89","","-1.29%"
"07/01/2022","1,140.79","1,134.99","1,142.79","1,134.59","","0.72%"
"06/30/2022","1,132.58","1,129.71","1,132.58","1,123.52","","0.36%"
"06/29/2022","1,128.49","1,131.99","1,132.26","1,122.18","","-0.13%"
"06/28/2022","1,129.98","1,112.68","1,132.40","1,101.06","","1.59%"
"06/27/2022","1,112.29","1,112.24","1,112.29","1,110.99","","-0.05%"
"06/22/2022","1,112.81","1,123.21","1,131.27","1,112.81","","-0.93%"
"06/21/2022","1,123.21","1,129.71","1,130.36","1,122.97","","-0.51%"
"06/20/2022","1,128.98","1,127.84","1,130.24","1,124.49","","0.94%"
"06/17/2022","1,118.52","1,121.48","1,121.89","1,105.80","","-0.19%"
"06/16/2022","1,120.60","1,120.91","1,123.39","1,119.25","","0.20%"
"06/15/2022","1,118.41","1,118.51","1,120.60","1,115.28","","0.15%"
"06/14/2022","1,116.78","1,130.08","1,130.08","1,114.70","","-1.17%"
"06/13/2022","1,129.97","1,132.69","1,140.14","1,127.65","","-0.35%"
"06/10/2022","1,133.95","1,135.17","1,138.35","1,133.01","","-0.11%"
"06/09/2022","1,135.22","1,124.26","1,136.70","1,124.01","","1.06%"
"06/08/2022","1,123.34","1,107.29","1,129.20","1,107.29","","1.31%"
"06/07/2022","1,108.86","1,086.81","1,123.06","1,085.76","","1.95%"
"06/06/2022","1,087.68","1,092.15","1,095.38","1,087.68","","-0.54%"
"06/03/2022","1,093.61","1,093.71","1,105.08","1,067.12","","-0.03%"
"06/02/2022","1,093.96","1,055.42","1,102.27","1,055.42","","3.46%"
"06/01/2022","1,057.38","1,057.30","1,058.81","1,054.78","","0.07%"
"05/31/2022","1,056.59","1,059.00","1,059.51","1,052.13","","-0.84%"
"05/30/2022","1,065.54","1,048.41","1,065.54","1,043.70","","2.19%"
"05/27/2022","1,042.66","1,035.67","1,043.24","1,035.40","","1.52%"
"05/25/2022","1,027.09","1,025.95","1,034.44","1,020.87","","-0.01%"
"05/24/2022","1,027.18","1,022.97","1,031.60","1,021.92","","0.44%"
"05/23/2022","1,022.73","1,033.79","1,033.79","1,017.89","","-1.00%"
"05/20/2022","1,033.04","1,019.74","1,039.52","1,019.74","","1.14%"
"05/19/2022","1,021.41","1,028.00","1,038.60","1,021.41","","-0.74%"
"05/18/2022","1,029.03","1,042.34","1,043.02","1,029.03","","-1.49%"
"05/17/2022","1,044.58","1,045.96","1,046.60","1,030.73","","-0.10%"
"05/16/2022","1,045.63","1,050.86","1,051.13","1,030.09","","-0.40%"
"05/13/2022","1,049.81","1,051.69","1,055.24","1,025.24","","0.08%"
"05/12/2022","1,048.95","1,024.93","1,052.89","1,024.93","","1.46%"
"05/11/2022","1,033.83","1,053.19","1,053.19","1,023.63","","-1.79%"
"05/10/2022","1,052.70","1,016.97","1,056.68","1,011.85","","3.51%"
"05/09/2022","1,016.97","1,061.94","1,066.29","1,010.15","","-3.40%"
"05/06/2022","1,052.78","1,021.42","1,064.29","1,014.62","","2.96%"
"05/05/2022","1,022.55","979.63","1,066.26","973.77","","5.00%"
"05/03/2022","973.89","946.19","973.89","945.38","","3.23%"
"05/02/2022","943.46","943.65","945.37","936.48","","-0.70%"
"04/29/2022","950.13","958.09","959.30","945.00","","-0.83%"
"04/28/2022","958.09","1,002.35","1,002.35","937.18","","-4.46%"
"04/27/2022","1,002.85","1,020.99","1,021.48","998.57","","-1.84%"
"04/26/2022","1,021.64","1,024.13","1,024.62","1,017.83","","-0.63%"
"04/25/2022","1,028.09","1,022.31","1,028.17","1,012.15","","0.56%"
"04/22/2022","1,022.41","1,026.81","1,026.81","1,013.24","","-1.39%"
"04/21/2022","1,036.82","1,018.88","1,040.99","1,012.45","","1.80%"
"04/20/2022","1,018.50","1,042.43","1,043.34","1,012.00","","-2.97%"
"04/19/2022","1,049.65","1,072.04","1,072.04","1,043.02","","-2.51%"
"04/14/2022","1,076.67","1,064.55","1,089.30","1,057.36","","0.62%"
"04/13/2022","1,070.03","1,099.15","1,099.15","1,066.18","","-2.05%"
"04/12/2022","1,092.44","1,092.35","1,101.86","1,085.21","","-0.10%"
"04/11/2022","1,093.57","1,086.16","1,104.20","1,086.15","","-1.75%"
"04/08/2022","1,113.03","1,113.75","1,122.27","1,101.58","","-0.12%"
"04/07/2022","1,114.40","1,131.14","1,144.15","1,059.85","","-1.55%"
"04/06/2022","1,131.94","1,138.31","1,145.56","1,128.26","","-0.75%"
"04/05/2022","1,140.50","1,140.97","1,150.90","1,130.44","","-0.04%"
"04/04/2022","1,141.00","1,143.46","1,153.85","1,141.00","","0.63%"
"04/01/2022","1,133.90","1,140.68","1,140.68","1,119.73","","-0.57%"
"03/31/2022","1,140.43","1,149.87","1,149.87","1,116.87","","-0.81%"
"03/30/2022","1,149.72","1,130.41","1,151.12","1,130.41","","1.73%"
"03/29/2022","1,130.18","1,131.88","1,138.15","1,129.13","","-0.15%"
"03/28/2022","1,131.90","1,137.13","1,137.86","1,130.99","","-0.45%"
"03/25/2022","1,136.97","1,136.07","1,147.20","1,133.85","","-1.11%"
"03/24/2022","1,149.71","1,136.11","1,153.12","1,134.74","","0.99%"
"03/23/2022","1,138.39","1,135.62","1,139.09","1,135.02","","-0.64%"
"03/22/2022","1,145.76","1,143.36","1,155.07","1,134.92","","0.17%"
"03/21/2022","1,143.80","1,135.21","1,145.15","1,135.21","","0.40%"
"03/18/2022","1,139.24","1,147.23","1,147.31","1,119.63","","-0.58%"
"03/17/2022","1,145.94","1,125.50","1,146.34","1,118.73","","1.37%"
"03/16/2022","1,130.50","1,139.90","1,152.53","1,124.85","","-0.51%"
"03/15/2022","1,136.27","1,123.11","1,138.16","1,118.89","","1.17%"
"03/14/2022","1,123.11","1,093.90","1,123.11","1,093.17","","-1.00%"
"03/11/2022","1,134.48","1,154.49","1,156.14","1,059.62","","-1.73%"
"03/10/2022","1,154.42","1,150.96","1,164.17","1,143.72","","2.92%"
"03/09/2022","1,121.64","1,079.46","1,142.65","1,079.46","","2.81%"
"03/08/2022","1,091.03","1,034.57","1,140.17","1,034.57","","7.98%"
"03/07/2022","1,010.39","1,006.88","1,154.40","998.09","","-6.92%"
"03/04/2022","1,085.46","1,100.48","1,100.48","1,080.31","","-1.17%"
"03/03/2022","1,098.33","1,112.98","1,117.21","1,097.54","","-1.92%"
"03/02/2022","1,119.81","1,125.96","1,153.65","1,083.46","","-4.28%"
"03/01/2022","1,169.85","1,202.17","1,206.28","1,169.83","","-2.37%"
"02/28/2022","1,198.22","1,215.30","1,228.75","1,197.73","","-2.43%"
"02/25/2022","1,228.03","1,191.63","1,228.03","1,191.63","","1.52%"
"02/24/2022","1,209.59","1,243.50","1,243.50","1,208.79","","-4.12%"
"02/23/2022","1,261.52","1,254.26","1,262.08","1,253.24","","0.58%"
"02/22/2022","1,254.26","1,254.15","1,263.32","1,248.22","","-0.07%"
"02/21/2022","1,255.20","1,259.59","1,260.66","1,249.69","","-0.66%"
"02/18/2022","1,263.54","1,262.27","1,263.54","1,255.50","","0.14%"
"02/17/2022","1,261.78","1,261.43","1,264.11","1,253.83","","-0.30%"
"02/16/2022","1,265.52","1,258.16","1,267.56","1,257.92","","0.54%"
"02/15/2022","1,258.73","1,254.63","1,265.54","1,254.63","","-0.56%"
"02/14/2022","1,265.78","1,270.35","1,270.35","1,253.12","","-0.49%"
"02/11/2022","1,271.98","1,266.65","1,273.71","1,262.50","","0.82%"
"02/10/2022","1,261.58","1,270.91","1,275.30","1,261.58","","-0.30%"
"02/09/2022","1,265.39","1,266.39","1,267.06","1,256.38","","-0.09%"
"02/08/2022","1,266.48","1,271.55","1,271.55","1,251.60","","0.11%"
"02/07/2022","1,265.07","1,271.03","1,271.03","1,260.72","","-0.47%"
"02/04/2022","1,271.03","1,266.77","1,271.03","1,264.78","","-0.03%"
"02/03/2022","1,271.36","1,260.95","1,272.36","1,260.15","","0.82%"
"02/02/2022","1,261.05","1,266.92","1,267.16","1,246.40","","-0.46%"
"02/01/2022","1,266.92","1,260.74","1,270.40","1,253.64","","0.39%"
"01/31/2022","1,261.96","1,263.79","1,271.99","1,256.93","","0.27%"
"01/28/2022","1,258.53","1,263.74","1,265.02","1,257.14","","0.12%"
"01/27/2022","1,256.98","1,260.35","1,265.66","1,256.45","","-0.79%"
"01/26/2022","1,267.02","1,246.70","1,267.97","1,245.14","","1.65%"
"01/25/2022","1,246.45","1,242.38","1,256.30","1,241.65","","0.24%"
"01/24/2022","1,243.48","1,269.46","1,270.20","1,239.36","","-2.03%"
"01/21/2022","1,269.30","1,272.10","1,273.29","1,262.24","","-0.23%"
"01/20/2022","1,272.19","1,286.16","1,286.87","1,271.39","","-1.06%"
"01/19/2022","1,285.76","1,274.34","1,288.66","1,272.44","","0.87%"
"01/18/2022","1,274.67","1,278.42","1,282.56","1,272.47","","-0.46%"
"01/17/2022","1,280.61","1,286.50","1,286.78","1,279.81","","-0.46%"
"01/14/2022","1,286.52","1,287.36","1,295.31","1,285.80","","-0.07%"
"01/13/2022","1,287.45","1,305.46","1,307.08","1,286.69","","-1.40%"
"01/12/2022","1,305.79","1,302.18","1,313.25","1,301.78","","0.10%"
"01/11/2022","1,304.50","1,306.30","1,306.30","1,275.68","","-0.03%"
"01/10/2022","1,304.84","1,269.21","1,304.95","1,269.21","","2.45%"
"01/07/2022","1,273.61","1,273.07","1,283.65","1,270.38","","-0.02%"
"01/06/2022","1,273.89","1,280.65","1,282.75","1,272.76","","-0.12%"
"01/05/2022","1,275.43","1,280.70","1,285.91","1,272.28","","-0.40%"
"01/04/2022","1,280.51","1,264.16","1,280.75","1,264.16","","1.38%"
"01/03/2022","1,263.12","1,268.36","1,276.31","1,263.01","","-0.87%"
"12/30/2021","1,274.20","1,271.37","1,275.19","1,259.28","","0.22%"
"12/29/2021","1,271.37","1,262.83","1,272.91","1,262.61","","0.71%"
"12/28/2021","1,262.44","1,264.91","1,266.62","1,253.37","","-0.35%"
"12/27/2021","1,266.93","1,244.38","1,266.93","1,244.38","","1.40%"
"12/23/2021","1,249.45","1,274.58","1,274.83","1,237.77","","-1.45%"
"12/22/2021","1,267.77","1,270.17","1,274.16","1,252.91","","-0.28%"
"12/21/2021","1,271.39","1,272.19","1,274.62","1,264.94","","-0.03%"
"12/20/2021","1,271.80","1,280.38","1,280.41","1,269.43","","-0.12%"
"12/17/2021","1,273.36","1,268.64","1,282.51","1,264.95","","0.51%"
"12/16/2021","1,266.95","1,276.77","1,278.50","1,260.19","","-0.75%"
"12/15/2021","1,276.57","1,265.71","1,277.41","1,263.16","","0.01%"
"12/14/2021","1,276.44","1,276.07","1,281.56","1,275.11","","-0.05%"
"12/13/2021","1,277.08","1,285.33","1,287.51","1,275.64","","-0.36%"
"12/10/2021","1,281.64","1,287.80","1,287.98","1,279.73","","0.90%"
"12/09/2021","1,270.21","1,276.23","1,289.60","1,268.65","","-1.28%"
"12/08/2021","1,286.62","1,263.60","1,286.62","1,263.02","","1.30%"
"12/07/2021","1,270.17","1,257.84","1,270.17","1,257.84","","-0.02%"
"12/06/2021","1,270.39","1,268.90","1,275.29","1,268.53","","0.06%"
"12/03/2021","1,269.58","1,270.07","1,272.12","1,268.66","","0.07%"
"12/02/2021","1,268.74","1,269.61","1,269.89","1,268.57","","-0.04%"
"12/01/2021","1,269.30","1,265.25","1,269.30","1,265.25","","0.34%"
"11/30/2021","1,264.97","1,255.70","1,265.65","1,250.78","","0.82%"
"11/29/2021","1,254.69","1,271.78","1,276.56","1,254.69","","-1.37%"
"11/26/2021","1,272.16","1,271.19","1,274.15","1,261.46","","-0.12%"
"11/25/2021","1,273.68","1,276.80","1,281.25","1,272.39","","-0.50%"
"11/24/2021","1,280.09","1,285.48","1,285.48","1,273.94","","-0.15%"
"11/23/2021","1,281.97","1,263.06","1,287.59","1,261.40","","1.11%"
"11/22/2021","1,267.87","1,265.17","1,272.50","1,263.44","","0.16%"
"11/17/2021","1,265.90","1,272.14","1,273.10","1,261.14","","-0.55%"
"11/16/2021","1,272.87","1,271.93","1,274.51","1,266.73","","0.02%"
"11/15/2021","1,272.56","1,281.00","1,288.07","1,272.36","","-0.67%"
"11/12/2021","1,281.19","1,284.24","1,285.01","1,273.85","","-0.27%"
"11/11/2021","1,284.71","1,280.51","1,285.10","1,273.84","","0.25%"
"11/10/2021","1,281.52","1,282.41","1,283.79","1,275.68","","-0.10%"
"11/09/2021","1,282.81","1,289.64","1,289.83","1,281.92","","-1.23%"
"11/08/2021","1,298.79","1,296.03","1,301.31","1,283.47","","0.66%"
"11/05/2021","1,290.28","1,299.86","1,300.85","1,289.74","","-0.74%"
"11/04/2021","1,299.86","1,293.83","1,301.15","1,292.48","","0.49%"
"11/03/2021","1,293.51","1,302.57","1,304.83","1,292.26","","-0.70%"
"11/02/2021","1,302.57","1,300.53","1,302.98","1,290.87","","0.14%"
"11/01/2021","1,300.79","1,294.50","1,302.38","1,292.87","","0.24%"
"10/29/2021","1,297.62","1,290.87","1,298.92","1,287.06","","0.42%"
"10/28/2021","1,292.14","1,295.15","1,297.86","1,289.11","","-0.23%"
"10/27/2021","1,295.09","1,291.17","1,296.09","1,290.54","","0.26%"
"10/26/2021","1,291.73","1,290.21","1,292.26","1,284.57","","0.13%"
"10/25/2021","1,290.09","1,293.29","1,301.96","1,286.45","","-0.23%"
"10/22/2021","1,293.04","1,285.17","1,295.09","1,283.78","","0.69%"
"10/21/2021","1,284.12","1,288.36","1,289.87","1,281.11","","-0.51%"
"10/20/2021","1,290.68","1,289.78","1,293.88","1,282.83","","-0.04%"
"10/19/2021","1,291.16","1,291.50","1,291.92","1,283.29","","-0.01%"
"10/18/2021","1,291.26","1,291.54","1,291.54","1,282.92","","0.41%"
"10/15/2021","1,285.94","1,283.84","1,294.81","1,276.67","","0.05%"
"10/14/2021","1,285.26","1,269.45","1,285.26","1,268.07","","1.14%"
"10/13/2021","1,270.76","1,278.13","1,284.48","1,270.76","","0.40%"
"10/12/2021","1,265.73","1,266.17","1,273.14","1,265.02","","-0.16%"
"10/11/2021","1,267.77","1,267.55","1,279.31","1,263.44","","0.01%"
"10/08/2021","1,267.62","1,281.35","1,281.35","1,266.91","","-1.15%"
"10/07/2021","1,282.37","1,277.25","1,282.98","1,274.53","","0.40%"
"10/06/2021","1,277.25","1,279.93","1,291.35","1,270.75","","-0.67%"
"10/05/2021","1,285.84","1,295.42","1,297.45","1,285.84","","-0.72%"
"10/04/2021","1,295.22","1,298.50","1,298.50","1,291.36","","0.07%"
"10/01/2021","1,294.35","1,283.77","1,294.76","1,283.09","","0.35%"
"09/30/2021","1,289.78","1,281.74","1,292.11","1,280.57","","1.56%"
"09/29/2021","1,269.94","1,267.54","1,284.35","1,267.12","","0.24%"
"09/28/2021","1,266.87","1,244.35","1,282.58","1,244.35","","1.78%"
"09/27/2021","1,244.69","1,282.65","1,291.80","1,236.94","","-3.51%"
"09/24/2021","1,290.00","1,297.10","1,297.10","1,284.73","","-0.53%"
"09/23/2021","1,296.81","1,287.71","1,296.81","1,287.04","","0.64%"
"09/22/2021","1,288.62","1,294.02","1,294.72","1,286.87","","-0.34%"
"09/21/2021","1,292.96","1,288.67","1,295.32","1,287.75","","0.33%"
"09/20/2021","1,288.67","1,295.58","1,301.96","1,287.97","","-0.53%"
"09/17/2021","1,295.58","1,298.88","1,301.68","1,292.57","","-0.01%"
"09/16/2021","1,295.66","1,291.03","1,298.66","1,290.77","","-0.07%"
"09/15/2021","1,296.57","1,293.09","1,296.61","1,285.50","","0.24%"
"09/14/2021","1,293.44","1,301.16","1,301.16","1,281.38","","-0.59%"
"09/13/2021","1,301.13","1,297.33","1,301.13","1,285.90","","0.37%"
"09/10/2021","1,296.27","1,291.89","1,297.72","1,287.18","","0.78%"
"09/09/2021","1,286.23","1,301.86","1,301.86","1,279.47","","-1.20%"
"09/08/2021","1,301.83","1,292.85","1,301.83","1,289.36","","0.66%"
"09/07/2021","1,293.23","1,296.43","1,297.44","1,290.72","","-0.38%"
"09/06/2021","1,298.12","1,294.41","1,306.49","1,293.35","","-0.05%"
"09/03/2021","1,298.73","1,291.17","1,304.74","1,277.97","","1.07%"
"09/02/2021","1,284.94","1,288.49","1,290.39","1,283.68","","-0.16%"
"09/01/2021","1,287.03","1,288.47","1,289.80","1,279.98","","-0.09%"
"08/31/2021","1,288.24","1,279.98","1,288.50","1,275.50","","0.65%"
"08/30/2021","1,279.98","1,281.19","1,288.22","1,275.16","","-0.06%"
"08/27/2021","1,280.80","1,274.55","1,280.80","1,267.81","","0.44%"
"08/26/2021","1,275.22","1,273.49","1,284.09","1,268.22","","0.19%"
"08/25/2021","1,272.82","1,266.62","1,277.05","1,257.81","","0.68%"
"08/24/2021","1,264.21","1,271.50","1,271.54","1,262.92","","-0.51%"
"08/23/2021","1,270.69","1,267.67","1,279.70","1,266.63","","-0.35%"
"08/20/2021","1,275.19","1,273.66","1,276.13","1,265.42","","0.17%"
"08/19/2021","1,273.00","1,266.16","1,289.40","1,265.81","","0.51%"
"08/18/2021","1,266.51","1,262.15","1,267.17","1,259.68","","-0.40%"
"08/17/2021","1,271.54","1,274.54","1,276.95","1,264.56","","-0.23%"
"08/16/2021","1,274.52","1,262.74","1,275.54","1,256.74","","0.73%"
"08/13/2021","1,265.27","1,276.88","1,277.23","1,263.86","","-0.86%"
"08/12/2021","1,276.19","1,265.71","1,280.40","1,265.71","","0.94%"
"08/11/2021","1,264.30","1,253.94","1,265.01","1,253.61","","1.19%"
"08/10/2021","1,249.43","1,241.61","1,249.43","1,241.33","","0.02%"
"08/09/2021","1,249.18","1,249.39","1,257.52","1,244.83","","-0.02%"
"08/06/2021","1,249.39","1,245.56","1,249.39","1,244.96","","0.24%"
"08/05/2021","1,246.35","1,239.53","1,246.81","1,239.53","","0.99%"
"08/04/2021","1,234.18","1,231.10","1,240.34","1,231.10","","-0.18%"
"08/03/2021","1,236.44","1,236.35","1,242.36","1,230.01","","0.06%"
"08/02/2021","1,235.67","1,231.65","1,237.71","1,229.07","","-0.18%"
"07/30/2021","1,237.89","1,238.26","1,244.00","1,231.88","","-0.03%"
"07/29/2021","1,238.26","1,225.36","1,238.74","1,225.36","","0.07%"
"07/28/2021","1,237.38","1,238.64","1,239.11","1,237.10","","0.39%"
"07/27/2021","1,232.63","1,224.89","1,232.63","1,219.55","","0.53%"
"07/26/2021","1,226.17","1,227.90","1,237.66","1,225.19","","-0.67%"
"07/23/2021","1,234.38","1,233.64","1,234.38","1,227.21","","0.11%"
"07/22/2021","1,232.97","1,234.30","1,234.84","1,227.90","","-0.14%"
"07/21/2021","1,234.73","1,228.36","1,235.17","1,221.60","","0.52%"
"07/20/2021","1,228.40","1,227.53","1,229.07","1,226.86","","0.01%"
"07/19/2021","1,228.30","1,230.68","1,231.36","1,226.15","","-0.12%"
"07/16/2021","1,229.80","1,228.92","1,230.71","1,223.21","","0.04%"
"07/15/2021","1,229.36","1,226.48","1,230.74","1,219.87","","0.23%"
"07/14/2021","1,226.48","1,229.83","1,234.56","1,224.28","","-0.26%"
"07/13/2021","1,229.72","1,228.72","1,231.59","1,224.91","","0.08%"
"07/12/2021","1,228.72","1,235.57","1,242.38","1,222.68","","-0.61%"
"07/09/2021","1,236.23","1,248.69","1,248.69","1,235.56","","-1.04%"
"07/08/2021","1,249.19","1,243.29","1,250.35","1,237.35","","1.97%"
"07/07/2021","1,225.04","1,231.12","1,236.81","1,224.38","","-0.46%"
"07/06/2021","1,230.72","1,228.26","1,238.68","1,227.75","","0.18%"
"07/05/2021","1,228.45","1,220.01","1,228.45","1,219.44","","0.62%"
"07/02/2021","1,220.84","1,220.87","1,227.48","1,213.78","","-0.06%"
"07/01/2021","1,221.57","1,221.69","1,221.69","1,214.23","","0.05%"
"06/30/2021","1,221.01","1,219.63","1,221.01","1,219.02","","0.09%"
"06/29/2021","1,219.86","1,224.73","1,224.73","1,219.21","","-0.40%"
"06/28/2021","1,224.76","1,222.37","1,228.40","1,218.29","","0.00%"
"06/22/2021","1,224.80","1,213.29","1,226.18","1,211.11","","2.51%"
"06/21/2021","1,194.80","1,185.79","1,201.52","1,185.79","","0.71%"
"06/18/2021","1,186.42","1,191.08","1,197.28","1,185.87","","-0.39%"
"06/17/2021","1,191.08","1,200.90","1,200.90","1,191.08","","-0.62%"
"06/16/2021","1,198.46","1,200.56","1,201.20","1,197.35","","-0.23%"
"06/15/2021","1,201.20","1,207.02","1,208.89","1,190.08","","-0.38%"
"06/14/2021","1,205.74","1,207.64","1,211.82","1,204.18","","-0.17%"
"06/11/2021","1,207.79","1,205.64","1,210.22","1,205.64","","0.20%"
"06/10/2021","1,205.36","1,187.29","1,210.09","1,186.18","","1.35%"
"06/09/2021","1,189.27","1,194.79","1,199.03","1,180.77","","0.25%"
"06/08/2021","1,186.27","1,191.89","1,194.50","1,180.96","","-0.51%"
"06/07/2021","1,192.39","1,188.11","1,192.53","1,188.09","","0.37%"
"06/04/2021","1,187.98","1,188.30","1,190.52","1,179.02","","0.55%"
"06/03/2021","1,181.48","1,188.87","1,190.15","1,179.83","","-0.61%"
"06/02/2021","1,188.73","1,189.79","1,195.26","1,183.81","","-0.09%"
"06/01/2021","1,189.78","1,178.14","1,195.33","1,177.72","","0.99%"
"05/31/2021","1,178.17","1,186.15","1,186.15","1,173.56","","-0.76%"
"05/28/2021","1,187.14","1,171.17","1,189.05","1,171.17","","1.36%"
"05/27/2021","1,171.25","1,173.20","1,182.29","1,169.31","","-0.17%"
"05/26/2021","1,173.20","1,184.65","1,184.65","1,163.32","","-0.88%"
"05/25/2021","1,183.58","1,139.30","1,195.27","1,139.30","","3.89%"
"05/24/2021","1,139.29","1,133.14","1,139.53","1,123.46","","1.06%"
"05/21/2021","1,127.37","1,126.38","1,127.37","1,125.96","","0.12%"
"05/20/2021","1,126.01","1,133.75","1,134.57","1,119.94","","-0.62%"
"05/19/2021","1,133.07","1,133.96","1,135.81","1,116.76","","-0.08%"
"05/18/2021","1,133.94","1,142.94","1,143.21","1,117.67","","-0.68%"
"05/17/2021","1,141.71","1,137.07","1,144.64","1,135.94","","0.38%"
"05/14/2021","1,137.43","1,142.44","1,146.43","1,125.34","","-0.11%"
"05/12/2021","1,138.68","1,131.91","1,139.07","1,131.40","","0.72%"
"05/11/2021","1,130.56","1,141.45","1,144.75","1,130.23","","-0.82%"
"05/10/2021","1,139.87","1,127.75","1,140.27","1,125.33","","0.73%"
"05/07/2021","1,131.64","1,130.31","1,136.76","1,113.64","","0.05%"
"05/06/2021","1,131.03","1,136.34","1,137.21","1,123.82","","-0.54%"
"05/05/2021","1,137.16","1,144.03","1,144.03","1,135.53","","-0.83%"
"04/30/2021","1,146.71","1,146.95","1,152.97","1,144.99","","0.07%"
"04/29/2021","1,145.91","1,143.62","1,146.32","1,136.74","","0.22%"
"04/28/2021","1,143.44","1,128.06","1,143.44","1,128.06","","1.36%"
"04/27/2021","1,128.06","1,130.09","1,135.32","1,121.46","","-0.10%"
"04/26/2021","1,129.20","1,127.51","1,135.53","1,127.47","","0.16%"
"04/23/2021","1,127.41","1,133.09","1,133.73","1,125.30","","-0.49%"
"04/22/2021","1,132.95","1,129.93","1,132.95","1,111.41","","0.27%"
"04/21/2021","1,129.93","1,134.19","1,134.19","1,117.92","","-0.38%"
"04/20/2021","1,134.19","1,138.29","1,142.18","1,132.05","","-1.23%"
"04/19/2021","1,148.26","1,120.00","1,148.26","1,117.77","","2.52%"
"04/16/2021","1,120.00","1,114.73","1,125.71","1,113.89","","0.47%"
"04/15/2021","1,114.73","1,121.61","1,132.49","1,111.73","","-0.67%"
"04/14/2021","1,122.26","1,128.66","1,130.14","1,121.80","","-0.56%"
"04/13/2021","1,128.53","1,127.33","1,128.91","1,127.19","","0.70%"
"04/12/2021","1,120.67","1,127.09","1,127.73","1,120.13","","-0.61%"
"04/09/2021","1,127.60","1,121.06","1,127.60","1,119.59","","0.60%"
"04/08/2021","1,120.92","1,125.71","1,127.79","1,120.19","","-0.27%"
"04/07/2021","1,123.99","1,125.45","1,125.45","1,116.74","","-0.01%"
"04/06/2021","1,124.15","1,123.07","1,124.15","1,120.78","","0.13%"
"04/01/2021","1,122.70","1,111.38","1,122.70","1,105.95","","1.08%"
"03/31/2021","1,110.75","1,113.31","1,120.03","1,108.42","","0.20%"
"03/30/2021","1,108.54","1,120.68","1,126.40","1,106.89","","-0.98%"
"03/29/2021","1,119.50","1,122.52","1,125.24","1,117.31","","-0.33%"
"03/26/2021","1,123.19","1,125.11","1,126.37","1,123.19","","0.86%"
"03/25/2021","1,113.61","1,120.25","1,120.90","1,112.80","","-0.53%"
"03/24/2021","1,119.57","1,119.09","1,126.09","1,119.04","","0.04%"
"03/23/2021","1,119.11","1,121.30","1,128.07","1,119.11","","0.03%"
"03/22/2021","1,118.78","1,122.02","1,125.66","1,118.55","","-0.21%"
"03/19/2021","1,121.08","1,126.08","1,131.81","1,120.53","","-0.04%"
"03/18/2021","1,121.56","1,113.87","1,130.38","1,113.40","","0.79%"
"03/17/2021","1,112.82","1,120.31","1,121.60","1,112.42","","-0.58%"
"03/16/2021","1,119.31","1,123.72","1,126.69","1,119.04","","-0.09%"
"03/15/2021","1,120.30","1,109.46","1,123.64","1,109.46","","1.03%"
"03/12/2021","1,108.86","1,114.46","1,116.22","1,100.79","","-0.50%"
"03/11/2021","1,114.45","1,120.80","1,121.71","1,109.70","","-0.43%"
"03/10/2021","1,119.26","1,112.93","1,119.26","1,093.22","","0.54%"
"03/09/2021","1,113.20","1,112.87","1,118.22","1,098.31","","0.24%"
"03/08/2021","1,110.58","1,113.45","1,126.75","1,107.07","","-0.17%"
"03/05/2021","1,112.47","1,116.62","1,119.16","1,111.55","","-0.36%"
"03/04/2021","1,116.49","1,127.81","1,132.14","1,112.59","","-0.96%"
"03/03/2021","1,127.29","1,129.73","1,138.70","1,115.40","","-1.23%"
"03/02/2021","1,141.31","1,145.25","1,153.28","1,137.33","","-0.26%"
"03/01/2021","1,144.30","1,161.44","1,161.44","1,138.99","","-2.29%"
"02/26/2021","1,171.09","1,174.91","1,174.95","1,168.30","","0.15%"
"02/25/2021","1,169.28","1,178.88","1,178.88","1,165.16","","-0.71%"
"02/24/2021","1,177.60","1,178.12","1,180.83","1,177.60","","0.03%"
"02/23/2021","1,177.22","1,178.25","1,180.35","1,162.23","","0.08%"
"02/22/2021","1,176.33","1,185.14","1,185.14","1,163.62","","-0.49%"
"02/19/2021","1,182.08","1,171.42","1,185.31","1,155.64","","0.92%"
"02/18/2021","1,171.33","1,172.35","1,172.99","1,162.46","","0.50%"
"02/17/2021","1,165.45","1,172.89","1,173.09","1,164.25","","-0.61%"
"02/16/2021","1,172.64","1,173.59","1,174.26","1,169.01","","0.00%"
"02/15/2021","1,172.64","1,172.58","1,173.26","1,166.49","","0.15%"
"02/12/2021","1,170.88","1,172.76","1,172.76","1,158.11","","-0.08%"
"02/11/2021","1,171.78","1,168.58","1,173.26","1,163.98","","0.36%"
"02/10/2021","1,167.63","1,164.12","1,167.63","1,163.29","","0.30%"
"02/09/2021","1,164.12","1,161.25","1,167.64","1,157.79","","-0.25%"
"02/08/2021","1,167.07","1,160.54","1,168.22","1,159.43","","0.27%"
"02/05/2021","1,163.94","1,165.27","1,165.59","1,151.64","","0.32%"
"02/04/2021","1,160.17","1,163.39","1,166.52","1,148.91","","0.03%"
"02/03/2021","1,159.83","1,168.56","1,169.20","1,153.87","","-0.75%"
"02/02/2021","1,168.56","1,162.36","1,171.29","1,157.46","","0.34%"
"02/01/2021","1,164.64","1,166.35","1,166.35","1,154.94","","-0.09%"
"01/29/2021","1,165.72","1,155.49","1,166.38","1,151.86","","0.33%"
"01/28/2021","1,161.86","1,159.29","1,167.34","1,156.94","","-0.78%"
"01/27/2021","1,170.97","1,152.93","1,172.94","1,152.93","","0.13%"
"01/26/2021","1,169.48","1,160.28","1,171.31","1,154.34","","1.22%"
"01/25/2021","1,155.34","1,174.95","1,175.76","1,155.34","","-1.12%"
"01/22/2021","1,168.39","1,158.39","1,171.38","1,156.46","","0.89%"
"01/21/2021","1,158.09","1,158.20","1,169.62","1,156.20","","-0.12%"
"01/20/2021","1,159.48","1,154.73","1,179.33","1,154.73","","-1.16%"
"01/19/2021","1,173.11","1,159.70","1,179.68","1,159.70","","1.49%"
"01/18/2021","1,155.94","1,176.89","1,178.84","1,155.94","","-0.80%"
"01/15/2021","1,165.24","1,179.33","1,180.60","1,163.28","","-1.19%"
"01/14/2021","1,179.26","1,172.44","1,179.26","1,171.95","","0.58%"
"01/13/2021","1,172.46","1,176.92","1,177.22","1,161.12","","-0.38%"
"01/12/2021","1,176.93","1,159.71","1,176.93","1,152.45","","1.54%"
"01/11/2021","1,159.08","1,155.89","1,159.08","1,152.67","","0.32%"
"01/08/2021","1,155.37","1,148.76","1,155.37","1,145.94","","0.58%"
"01/07/2021","1,148.76","1,155.90","1,156.07","1,141.98","","-0.41%"
"01/06/2021","1,153.54","1,145.56","1,153.54","1,140.70","","0.41%"
"01/05/2021","1,148.84","1,149.95","1,155.55","1,129.02","","-0.17%"
"01/04/2021","1,150.78","1,138.12","1,155.50","1,137.23","","1.27%"
"12/30/2020","1,136.34","1,140.20","1,140.24","1,127.44","","-0.28%"
"12/29/2020","1,139.52","1,126.31","1,140.16","1,125.01","","0.67%"
"12/28/2020","1,131.93","1,128.03","1,133.13","1,127.93","","0.33%"
"12/23/2020","1,128.25","1,121.75","1,129.97","1,120.99","","0.52%"
"12/22/2020","1,122.40","1,121.40","1,128.78","1,120.76","","0.35%"
"12/21/2020","1,118.49","1,138.17","1,138.24","1,118.49","","-1.74%"
"12/18/2020","1,138.27","1,126.95","1,138.27","1,122.55","","0.67%"
"12/17/2020","1,130.65","1,126.04","1,130.83","1,117.48","","0.51%"
"12/16/2020","1,124.90","1,122.32","1,124.90","1,115.33","","0.23%"
"12/15/2020","1,122.32","1,121.06","1,127.15","1,117.40","","0.13%"
"12/14/2020","1,120.91","1,115.90","1,127.34","1,115.90","","0.47%"
"12/11/2020","1,115.70","1,115.44","1,123.03","1,115.44","","-0.01%"
"12/10/2020","1,115.84","1,122.60","1,123.50","1,114.99","","-0.54%"
"12/09/2020","1,121.95","1,123.66","1,125.16","1,116.91","","-0.03%"
"12/08/2020","1,122.30","1,125.09","1,125.73","1,118.54","","-0.30%"
"12/07/2020","1,125.73","1,126.07","1,127.31","1,123.40","","0.02%"
"12/04/2020","1,125.50","1,122.42","1,127.50","1,120.83","","0.27%"
"12/03/2020","1,122.42","1,118.09","1,124.23","1,116.50","","0.23%"
"12/02/2020","1,119.83","1,108.66","1,119.83","1,108.66","","0.31%"
"12/01/2020","1,116.32","1,112.80","1,118.18","1,108.43","","0.20%"
"11/30/2020","1,114.11","1,124.05","1,124.05","1,114.11","","-0.32%"
"11/27/2020","1,117.66","1,118.93","1,118.93","1,116.14","","-0.17%"
"11/26/2020","1,119.59","1,114.59","1,119.81","1,113.95","","0.46%"
"11/25/2020","1,114.47","1,124.77","1,125.40","1,110.82","","-0.89%"
"11/24/2020","1,124.50","1,116.13","1,125.67","1,115.63","","0.75%"
"11/23/2020","1,116.17","1,118.38","1,119.01","1,115.70","","-0.18%"
"11/20/2020","1,118.18","1,118.60","1,119.45","1,117.23","","0.03%"
"11/19/2020","1,117.83","1,115.88","1,119.17","1,115.88","","0.70%"
"11/17/2020","1,110.06","1,123.34","1,123.34","1,109.98","","-1.18%"
"11/16/2020","1,123.34","1,128.33","1,129.24","1,122.66","","-0.35%"
"11/13/2020","1,127.28","1,115.07","1,127.28","1,114.20","","1.05%"
"11/12/2020","1,115.59","1,122.42","1,123.06","1,113.58","","-0.60%"
"11/11/2020","1,122.32","1,129.98","1,129.98","1,119.77","","-0.61%"
"11/10/2020","1,129.21","1,122.03","1,129.76","1,116.31","","1.16%"
"11/09/2020","1,116.31","1,131.37","1,131.37","1,109.61","","-0.78%"
"11/06/2020","1,125.11","1,117.19","1,125.13","1,117.19","","0.73%"
"11/05/2020","1,116.96","1,114.93","1,122.87","1,114.93","","0.24%"
"11/04/2020","1,114.27","1,120.49","1,120.90","1,113.08","","-0.54%"
"11/03/2020","1,120.35","1,117.20","1,121.67","1,114.63","","0.33%"
"11/02/2020","1,116.72","1,116.59","1,122.45","1,109.25","","0.01%"
"10/30/2020","1,116.57","1,123.71","1,123.71","1,112.84","","-0.53%"
"10/29/2020","1,122.55","1,127.52","1,127.62","1,104.74","","0.38%"
"10/28/2020","1,118.35","1,108.10","1,121.07","1,103.28","","0.93%"
"10/27/2020","1,108.10","1,119.95","1,122.49","1,104.86","","-1.06%"
"10/26/2020","1,119.95","1,119.77","1,121.22","1,118.71","","-0.04%"
"10/23/2020","1,120.41","1,118.43","1,120.41","1,114.27","","-0.57%"
"10/22/2020","1,126.83","1,143.82","1,143.82","1,125.14","","-1.05%"
"10/21/2020","1,138.74","1,121.27","1,138.74","1,120.64","","2.20%"
"10/20/2020","1,114.28","1,118.17","1,121.66","1,113.91","","-0.35%"
"10/19/2020","1,118.17","1,121.51","1,124.44","1,116.86","","-0.32%"
"10/16/2020","1,121.71","1,119.32","1,122.54","1,113.28","","-0.25%"
"10/15/2020","1,124.48","1,134.17","1,134.17","1,112.44","","0.62%"
"10/14/2020","1,117.55","1,129.47","1,136.02","1,117.55","","-0.78%"
"10/13/2020","1,126.29","1,111.82","1,132.69","1,111.82","","0.27%"
"10/12/2020","1,123.29","1,130.46","1,130.46","1,105.30","","-0.58%"
"10/09/2020","1,129.80","1,117.79","1,129.97","1,105.46","","1.02%"
"10/08/2020","1,118.43","1,107.18","1,120.12","1,107.18","","-0.04%"
"10/07/2020","1,118.83","1,120.54","1,120.64","1,117.72","","0.30%"
"10/06/2020","1,115.45","1,114.44","1,118.61","1,110.65","","0.16%"
"10/05/2020","1,113.69","1,112.43","1,114.32","1,110.01","","0.30%"
"10/02/2020","1,110.41","1,125.28","1,125.28","1,110.41","","-1.11%"
"10/01/2020","1,122.87","1,118.40","1,123.33","1,116.69","","0.52%"
"09/30/2020","1,117.04","1,113.39","1,117.47","1,113.12","","0.44%"
"09/29/2020","1,112.12","1,114.08","1,114.08","1,099.71","","-0.18%"
"09/28/2020","1,114.08","1,107.19","1,116.35","1,105.01","","-0.26%"
"09/25/2020","1,116.96","1,125.74","1,125.74","1,116.94","","-0.77%"
"09/24/2020","1,125.60","1,124.85","1,128.59","1,108.45","","0.12%"
"09/23/2020","1,124.22","1,113.55","1,127.82","1,113.55","","1.02%"
"09/22/2020","1,112.92","1,122.24","1,128.01","1,107.67","","-0.89%"
"09/21/2020","1,122.89","1,101.22","1,123.03","1,097.47","","1.96%"
"09/18/2020","1,101.32","1,107.76","1,109.39","1,101.23","","-0.60%"
"09/17/2020","1,107.96","1,120.32","1,120.44","1,105.34","","-0.88%"
"09/16/2020","1,117.78","1,115.00","1,120.67","1,114.82","","0.17%"
"09/15/2020","1,115.91","1,094.81","1,115.91","1,094.81","","0.93%"
"09/14/2020","1,105.61","1,109.04","1,110.63","1,091.91","","1.25%"
"09/11/2020","1,091.99","1,106.16","1,107.56","1,091.69","","-1.28%"
"09/10/2020","1,106.16","1,114.85","1,115.00","1,091.23","","-0.27%"
"09/09/2020","1,109.18","1,116.39","1,116.39","1,104.92","","-0.65%"
"09/08/2020","1,116.39","1,104.55","1,117.73","1,103.92","","0.68%"
"09/07/2020","1,108.86","1,102.90","1,108.86","1,100.29","","0.78%"
"09/04/2020","1,100.32","1,106.12","1,108.90","1,100.14","","-0.55%"
"09/03/2020","1,106.41","1,111.17","1,111.17","1,091.89","","-0.36%"
"09/02/2020","1,110.42","1,108.54","1,112.45","1,103.09","","0.22%"
"09/01/2020","1,108.01","1,112.03","1,112.03","1,092.50","","-0.31%"
"08/31/2020","1,111.40","1,093.04","1,111.94","1,093.04","","1.67%"
"08/28/2020","1,093.13","1,090.01","1,093.27","1,090.01","","0.29%"
"08/27/2020","1,090.01","1,081.77","1,095.61","1,081.73","","0.88%"
"08/26/2020","1,080.48","1,085.07","1,085.07","1,074.40","","-0.94%"
"08/25/2020","1,090.72","1,089.72","1,092.87","1,089.09","","0.12%"
"08/24/2020","1,089.46","1,093.66","1,093.66","1,086.42","","0.78%"
"08/21/2020","1,081.02","1,084.98","1,090.63","1,080.00","","-0.34%"
"08/20/2020","1,084.71","1,082.15","1,095.24","1,081.76","","0.25%"
"08/19/2020","1,082.02","1,092.78","1,097.83","1,081.35","","-1.15%"
"08/18/2020","1,094.66","1,090.61","1,098.44","1,085.56","","0.78%"
"08/17/2020","1,086.19","1,084.89","1,090.61","1,081.20","","0.12%"
"08/14/2020","1,084.89","1,089.41","1,093.25","1,078.89","","-0.41%"
"08/13/2020","1,089.41","1,081.70","1,093.87","1,062.30","","0.79%"
"08/12/2020","1,080.82","1,062.81","1,087.12","1,062.41","","1.74%"
"08/11/2020","1,062.32","1,059.37","1,067.33","1,059.37","","0.31%"
"08/10/2020","1,059.01","1,064.04","1,064.04","1,059.01","","-0.42%"
"08/07/2020","1,063.51","1,043.59","1,071.61","1,043.16","","1.94%"
"08/06/2020","1,043.22","1,054.68","1,055.46","1,041.96","","-0.96%"
"08/05/2020","1,053.29","1,052.51","1,064.40","1,052.51","","0.07%"
"08/04/2020","1,052.51","1,056.49","1,075.57","1,050.69","","-0.42%"
"08/03/2020","1,056.93","1,059.29","1,062.00","1,055.33","","-0.10%"
"07/31/2020","1,058.02","1,053.18","1,058.02","1,052.22","","0.46%"
"07/30/2020","1,053.18","1,054.29","1,054.59","1,051.79","","-0.11%"
"07/29/2020","1,054.31","1,049.54","1,054.33","1,049.01","","0.45%"
"07/28/2020","1,049.54","1,055.52","1,058.02","1,049.54","","-0.80%"
"07/27/2020","1,058.04","1,061.50","1,061.50","1,054.89","","-0.54%"
"07/24/2020","1,063.83","1,059.17","1,064.53","1,057.30","","0.44%"
"07/23/2020","1,059.17","1,060.81","1,069.89","1,056.89","","-0.29%"
"07/22/2020","1,062.22","1,062.46","1,071.72","1,056.79","","-0.19%"
"07/21/2020","1,064.25","1,074.00","1,074.00","1,062.20","","-0.67%"
"07/20/2020","1,071.48","1,049.33","1,075.10","1,049.33","","1.84%"
"07/17/2020","1,052.16","1,051.56","1,052.16","1,045.38","","0.06%"
"07/16/2020","1,051.56","1,057.16","1,057.16","1,049.61","","0.03%"
"07/15/2020","1,051.22","1,047.41","1,051.85","1,046.35","","0.52%"
"07/14/2020","1,045.74","1,053.92","1,053.92","1,044.48","","-0.72%"
"07/13/2020","1,053.29","1,055.20","1,060.41","1,052.46","","-0.65%"
"07/10/2020","1,060.23","1,061.54","1,061.67","1,050.93","","-0.07%"
"07/09/2020","1,060.96","1,054.18","1,061.79","1,051.63","","0.70%"
"07/08/2020","1,053.55","1,066.44","1,067.07","1,053.27","","-0.51%"
"07/07/2020","1,058.95","1,057.26","1,058.95","1,051.07","","0.56%"
"07/06/2020","1,053.03","1,052.68","1,056.09","1,048.12","","-0.02%"
"07/03/2020","1,053.29","1,052.43","1,054.55","1,046.35","","0.21%"
"07/02/2020","1,051.12","1,042.72","1,051.12","1,038.26","","-0.14%"
"07/01/2020","1,052.63","1,053.94","1,055.23","1,041.58","","-0.01%"
"06/30/2020","1,052.74","1,042.34","1,053.38","1,041.76","","1.54%"
"06/29/2020","1,036.81","1,042.47","1,042.47","1,035.61","","-0.53%"
"06/26/2020","1,042.31","1,042.67","1,043.33","1,039.44","","-0.02%"
"06/25/2020","1,042.54","1,043.36","1,048.94","1,042.43","","-0.08%"
"06/19/2020","1,043.38","1,044.88","1,045.74","1,043.38","","-0.15%"
"06/18/2020","1,044.91","1,057.27","1,057.31","1,040.73","","-1.17%"
"06/17/2020","1,057.27","1,036.42","1,057.29","1,035.80","","1.61%"
"06/16/2020","1,040.50","1,047.41","1,047.41","1,039.22","","-0.66%"
"06/15/2020","1,047.41","1,030.24","1,048.12","1,030.24","","1.73%"
"06/12/2020","1,029.55","1,035.55","1,035.55","1,027.58","","-0.64%"
"06/11/2020","1,036.15","1,039.82","1,053.64","1,035.21","","-0.37%"
"06/10/2020","1,039.95","1,031.54","1,040.22","1,031.54","","0.60%"
"06/09/2020","1,033.72","1,038.55","1,038.55","1,031.11","","-0.45%"
"06/08/2020","1,038.35","1,040.43","1,040.45","1,036.06","","-0.10%"
"06/05/2020","1,039.39","1,031.85","1,039.50","1,029.32","","0.68%"
"06/04/2020","1,032.37","1,037.44","1,038.17","1,030.73","","-0.43%"
"06/03/2020","1,036.83","1,029.09","1,036.83","1,028.91","","0.32%"
"06/02/2020","1,033.52","1,041.24","1,041.24","1,021.24","","0.84%"
"06/01/2020","1,024.93","1,029.27","1,029.79","1,024.93","","-0.55%"
"05/29/2020","1,030.57","1,040.90","1,045.73","1,030.57","","-0.86%"
"05/28/2020","1,039.54","1,034.89","1,045.15","1,034.89","","0.53%"
"05/27/2020","1,034.11","1,032.74","1,034.53","1,026.63","","0.17%"
"05/26/2020","1,032.33","1,025.01","1,032.33","1,024.39","","0.73%"
"05/25/2020","1,024.86","1,023.02","1,035.98","1,021.26","","0.08%"
"05/22/2020","1,023.99","1,026.29","1,027.89","1,020.74","","0.23%"
"05/20/2020","1,021.61","1,027.76","1,029.62","1,021.61","","-0.63%"
"05/19/2020","1,028.10","1,022.79","1,028.10","1,022.30","","0.59%"
"05/18/2020","1,022.06","1,019.76","1,024.79","1,011.31","","0.24%"
"05/15/2020","1,019.63","1,018.27","1,022.38","1,017.75","","0.04%"
"05/14/2020","1,019.23","1,014.97","1,022.31","1,014.40","","0.59%"
"05/13/2020","1,013.22","1,020.09","1,023.01","1,013.22","","-0.67%"
"05/12/2020","1,020.09","1,011.93","1,022.02","1,010.42","","0.99%"
"05/11/2020","1,010.05","1,021.31","1,021.31","1,008.76","","-1.05%"
"05/08/2020","1,020.79","1,022.61","1,023.85","1,018.41","","-0.12%"
"05/07/2020","1,021.99","1,023.76","1,024.59","1,017.77","","-0.12%"
"05/06/2020","1,023.24","1,019.41","1,024.03","1,016.90","","0.38%"
"05/05/2020","1,019.41","1,009.07","1,019.81","1,007.51","","1.27%"
"04/30/2020","1,006.60","1,010.21","1,012.67","1,002.36","","-0.24%"
"04/29/2020","1,008.98","1,007.36","1,009.53","1,004.21","","0.25%"
"04/28/2020","1,006.50","1,000.88","1,007.12","1,000.88","","0.26%"
"04/27/2020","1,003.90","1,003.07","1,004.65","991.57","","0.26%"
"04/24/2020","1,001.32","1,000.06","1,002.68","994.57","","0.68%"
"04/23/2020","994.53","995.84","1,005.59","994.27","","0.05%"
"04/22/2020","994.00","990.95","998.73","990.95","","0.31%"
"04/21/2020","990.95","992.01","996.68","989.72","","-0.11%"
"04/20/2020","992.01","993.20","999.38","987.76","","-0.11%"
"04/17/2020","993.07","996.92","1,005.53","992.75","","-0.19%"
"04/16/2020","994.94","982.39","994.94","982.00","","-0.10%"
"04/15/2020","995.96","1,001.81","1,002.82","993.71","","1.78%"
"04/14/2020","978.53","980.63","995.32","977.61","","-1.39%"
"04/09/2020","992.31","991.38","993.66","989.87","","0.03%"
"04/08/2020","991.98","984.27","992.71","983.54","","0.78%"
"04/07/2020","984.27","944.08","984.27","944.08","","5.22%"
"04/06/2020","935.47","915.46","935.47","915.46","","2.33%"
"04/03/2020","914.18","916.82","916.82","912.83","","-0.28%"
"04/02/2020","916.71","910.89","917.97","906.26","","1.06%"
"04/01/2020","907.09","900.89","908.69","897.86","","0.29%"
"03/31/2020","904.46","897.45","905.77","895.69","","0.93%"
"03/30/2020","896.15","905.47","905.89","885.67","","-0.82%"
"03/27/2020","903.58","897.64","904.17","897.02","","0.94%"
"03/26/2020","895.17","891.41","901.25","882.43","","0.06%"
"03/25/2020","894.59","875.84","895.22","875.84","","2.07%"
"03/24/2020","876.47","865.53","880.26","865.53","","0.99%"
"03/23/2020","867.89","883.51","883.51","860.89","","-0.30%"
"03/20/2020","870.54","894.52","899.54","870.15","","-2.32%"
"03/19/2020","891.26","877.39","892.88","875.48","","2.00%"
"03/18/2020","873.80","874.03","878.92","849.41","","3.17%"
"03/17/2020","846.98","903.98","908.74","843.16","","-5.30%"
"03/16/2020","894.38","925.21","931.66","834.28","","-4.29%"
"03/13/2020","934.50","850.98","942.69","833.97","","12.85%"
"03/12/2020","828.11","968.85","968.85","827.50","","-15.07%"
"03/11/2020","975.06","992.42","992.55","972.29","","-1.71%"
"03/10/2020","992.02","982.79","995.30","982.79","","0.72%"
"03/09/2020","984.94","996.81","1,009.18","983.57","","-2.27%"
"03/06/2020","1,007.81","1,036.79","1,036.79","1,007.81","","-3.17%"
"03/05/2020","1,040.79","1,028.03","1,042.39","1,027.80","","1.33%"
"03/04/2020","1,027.15","1,026.52","1,032.25","1,025.23","","0.05%"
"03/03/2020","1,026.67","1,027.64","1,036.11","1,024.05","","-0.03%"
"03/02/2020","1,027.02","1,029.01","1,035.13","1,014.53","","1.32%"
"02/28/2020","1,013.65","1,022.96","1,024.32","993.29","","-1.48%"
"02/27/2020","1,028.86","1,038.30","1,039.29","1,028.21","","-0.91%"
"02/26/2020","1,038.30","1,038.88","1,038.88","1,033.84","","0.20%"
"02/25/2020","1,036.21","1,042.32","1,042.32","1,035.68","","-0.32%"
"02/24/2020","1,039.55","1,047.62","1,047.62","1,039.55","","-0.90%"
"02/21/2020","1,048.99","1,047.16","1,050.72","1,045.76","","0.05%"
"02/20/2020","1,048.42","1,046.24","1,051.98","1,046.24","","0.21%"
"02/19/2020","1,046.24","1,052.72","1,054.55","1,046.24","","-0.62%"
"02/18/2020","1,052.74","1,046.51","1,052.74","1,045.90","","0.36%"
"02/17/2020","1,048.94","1,047.17","1,048.94","1,043.00","","-0.01%"
"02/14/2020","1,049.00","1,053.16","1,053.16","1,047.41","","-1.21%"
"02/13/2020","1,061.85","1,055.11","1,063.91","1,055.11","","0.66%"
"02/12/2020","1,054.85","1,057.02","1,057.65","1,051.01","","0.05%"
"02/11/2020","1,054.33","1,061.88","1,062.08","1,052.58","","-0.53%"
"02/10/2020","1,060.00","1,064.34","1,064.34","1,050.30","","-0.37%"
"02/07/2020","1,063.95","1,056.74","1,063.95","1,056.74","","0.32%"
"02/06/2020","1,060.54","1,057.78","1,061.96","1,054.39","","0.01%"
"02/05/2020","1,060.39","1,057.57","1,064.90","1,056.42","","0.12%"
"02/04/2020","1,059.14","1,049.12","1,059.14","1,046.51","","0.96%"
"02/03/2020","1,049.12","1,051.01","1,053.36","1,030.23","","0.73%"
"01/31/2020","1,041.52","1,031.85","1,041.52","1,030.47","","0.94%"
"01/30/2020","1,031.86","1,036.53","1,036.66","1,030.37","","-0.87%"
"01/29/2020","1,040.95","1,022.56","1,040.95","1,022.56","","1.86%"
"01/28/2020","1,021.95","1,025.49","1,031.34","1,021.95","","-0.35%"
"01/27/2020","1,025.49","1,033.94","1,035.59","1,022.38","","-0.82%"
"01/24/2020","1,033.98","1,032.06","1,033.98","1,027.94","","0.18%"
"01/23/2020","1,032.08","1,037.55","1,037.55","1,030.96","","-0.53%"
"01/22/2020","1,037.55","1,033.67","1,038.85","1,033.67","","0.38%"
"01/21/2020","1,033.63","1,038.55","1,038.55","1,033.02","","-0.47%"
"01/20/2020","1,038.55","1,040.34","1,040.34","1,029.75","","-0.17%"
"01/17/2020","1,040.34","1,032.28","1,040.56","1,032.28","","0.54%"
"01/16/2020","1,034.73","1,028.39","1,038.73","1,028.39","","0.62%"
"01/15/2020","1,028.39","1,040.02","1,040.07","1,027.77","","-1.12%"
"01/14/2020","1,040.02","1,039.81","1,040.43","1,035.83","","0.08%"
"01/13/2020","1,039.15","1,038.12","1,040.16","1,036.62","","0.10%"
"01/10/2020","1,038.12","1,039.24","1,042.00","1,037.81","","-0.14%"
"01/09/2020","1,039.61","1,036.91","1,040.07","1,034.68","","-0.11%"
"01/08/2020","1,040.71","1,033.90","1,042.13","1,033.76","","0.56%"
"01/07/2020","1,034.95","1,038.18","1,043.25","1,033.11","","-0.31%"
"01/06/2020","1,038.18","1,038.51","1,039.79","1,032.36","","0.09%"
"01/03/2020","1,037.25","1,038.21","1,038.60","1,034.36","","-0.09%"
"01/02/2020","1,038.21","1,041.21","1,041.28","1,035.28","","0.20%"
"12/30/2019","1,036.15","1,026.31","1,036.24","1,026.31","","0.71%"
"12/27/2019","1,028.84","1,028.25","1,037.85","1,027.58","","0.00%"
"12/23/2019","1,028.87","1,030.61","1,031.90","1,027.63","","-0.17%"
"12/20/2019","1,030.61","1,037.93","1,037.93","1,024.82","","-1.23%"
"12/19/2019","1,043.46","1,036.75","1,044.33","1,036.75","","0.65%"
"12/18/2019","1,036.75","1,039.27","1,040.26","1,035.52","","-0.24%"
"12/17/2019","1,039.27","1,042.38","1,042.99","1,036.19","","-0.18%"
"12/16/2019","1,041.15","1,037.83","1,041.15","1,033.75","","0.32%"
"12/13/2019","1,037.83","1,032.45","1,038.44","1,027.51","","-0.05%"
"12/12/2019","1,038.37","1,036.14","1,039.60","1,031.74","","0.27%"
"12/11/2019","1,035.62","1,041.14","1,044.35","1,033.62","","-0.26%"
"12/10/2019","1,038.37","1,037.91","1,041.47","1,032.41","","0.76%"
"12/09/2019","1,030.52","1,024.72","1,036.64","1,024.72","","0.57%"
"12/06/2019","1,024.72","1,036.07","1,037.14","1,023.22","","-0.97%"
"12/05/2019","1,034.80","1,031.86","1,035.42","1,029.77","","0.28%"
"12/04/2019","1,031.86","1,040.12","1,040.12","1,031.86","","-0.79%"
"12/03/2019","1,040.12","1,035.90","1,040.12","1,027.60","","0.26%"
"12/02/2019","1,037.46","1,043.24","1,047.94","1,035.62","","-0.72%"
"11/29/2019","1,044.95","1,032.06","1,046.37","1,032.06","","1.28%"
"11/28/2019","1,031.75","1,030.63","1,031.75","1,026.20","","0.11%"
"11/27/2019","1,030.63","1,029.05","1,030.63","1,027.82","","0.15%"
"11/26/2019","1,029.05","1,033.76","1,033.76","1,027.82","","-0.46%"
"11/25/2019","1,033.76","1,032.99","1,041.42","1,032.64","","0.04%"
"11/22/2019","1,033.38","1,028.09","1,040.14","1,027.05","","-0.02%"
"11/21/2019","1,033.63","1,028.99","1,038.27","1,028.99","","0.45%"
"11/20/2019","1,028.99","1,039.70","1,040.32","1,027.76","","-0.91%"
"11/19/2019","1,038.47","1,033.21","1,038.47","1,023.17","","0.51%"
"11/15/2019","1,033.21","1,028.17","1,037.94","1,028.17","","0.48%"
"11/14/2019","1,028.30","1,026.83","1,028.79","1,018.92","","0.27%"
"11/13/2019","1,025.53","1,019.47","1,025.53","1,019.21","","0.59%"
"11/12/2019","1,019.47","1,022.47","1,030.41","1,019.47","","-0.29%"
"11/11/2019","1,022.47","1,022.05","1,024.31","1,022.05","","0.04%"
"11/08/2019","1,022.05","1,012.09","1,023.49","1,012.09","","0.98%"
"11/07/2019","1,012.09","1,013.23","1,015.30","1,010.45","","-0.14%"
"11/06/2019","1,013.49","1,011.88","1,013.72","1,011.88","","0.16%"
"11/05/2019","1,011.88","1,024.40","1,024.40","1,009.99","","-0.42%"
"11/04/2019","1,016.11","1,025.45","1,025.45","1,014.69","","-0.91%"
"11/01/2019","1,025.45","1,025.45","1,025.45","1,025.45","","0.00%"
"10/31/2019","1,025.45","1,016.00","1,025.67","1,015.25","","0.59%"
"10/30/2019","1,019.44","1,023.18","1,023.93","1,016.83","","-0.44%"
"10/29/2019","1,023.92","1,032.95","1,032.95","1,017.27","","-0.87%"
"10/28/2019","1,032.95","1,026.93","1,038.48","1,026.19","","0.59%"
"10/25/2019","1,026.93","1,033.60","1,033.60","1,026.93","","-0.65%"
"10/24/2019","1,033.60","1,031.11","1,036.77","1,031.11","","0.24%"
"10/23/2019","1,031.11","1,040.04","1,040.04","1,028.98","","-0.68%"
"10/22/2019","1,038.19","1,029.98","1,039.77","1,025.27","","0.74%"
"10/21/2019","1,030.55","1,022.24","1,030.55","1,022.24","","0.38%"
"10/18/2019","1,026.67","1,033.34","1,033.95","1,026.67","","-1.17%"
"10/17/2019","1,038.87","1,037.26","1,038.87","1,034.56","","0.16%"
"10/16/2019","1,037.26","1,035.73","1,038.27","1,035.73","","0.15%"
"10/15/2019","1,035.73","1,038.03","1,038.64","1,035.73","","-0.04%"
"10/14/2019","1,036.18","1,034.46","1,038.16","1,034.46","","0.01%"
"10/11/2019","1,036.08","1,036.70","1,036.70","1,034.24","","-0.06%"
"10/10/2019","1,036.70","1,024.53","1,036.70","1,022.69","","1.19%"
"10/09/2019","1,024.53","1,027.30","1,028.83","1,022.68","","-0.27%"
"10/08/2019","1,027.30","1,035.12","1,036.67","1,023.65","","-0.16%"
"10/07/2019","1,028.94","1,037.97","1,038.59","1,028.74","","-0.85%"
"10/04/2019","1,037.71","1,034.20","1,037.71","1,033.92","","0.34%"
"10/03/2019","1,034.20","1,037.10","1,038.67","1,034.20","","-0.28%"
"10/02/2019","1,037.10","1,034.79","1,037.10","1,028.31","","0.16%"
"10/01/2019","1,035.44","1,029.11","1,035.44","1,029.11","","0.68%"
"09/30/2019","1,028.48","1,029.54","1,032.15","1,026.62","","0.08%"
"09/27/2019","1,027.67","1,027.76","1,027.78","1,021.52","","-0.01%"
"09/26/2019","1,027.76","1,027.76","1,028.37","1,026.53","","0.00%"
"09/25/2019","1,027.76","1,027.23","1,027.89","1,026.00","","0.05%"
"09/24/2019","1,027.23","1,027.93","1,027.93","1,026.61","","0.08%"
"09/23/2019","1,026.37","1,025.22","1,028.28","1,022.49","","0.17%"
"09/20/2019","1,024.59","1,023.42","1,025.11","1,022.19","","0.01%"
"09/19/2019","1,024.46","1,024.86","1,024.86","1,019.07","","-0.04%"
"09/18/2019","1,024.86","1,025.06","1,025.06","1,024.44","","0.04%"
"09/17/2019","1,024.43","1,027.68","1,032.59","1,024.43","","-0.32%"
"09/16/2019","1,027.68","1,034.52","1,034.73","1,026.45","","-0.66%"
"09/13/2019","1,034.52","1,029.78","1,035.13","1,029.78","","0.52%"
"09/12/2019","1,029.16","1,019.79","1,029.16","1,019.79","","1.17%"
"09/11/2019","1,017.26","1,016.90","1,019.08","1,016.90","","0.58%"
"09/10/2019","1,011.37","1,024.26","1,025.95","1,011.03","","-0.96%"
"09/09/2019","1,021.13","1,013.90","1,024.69","1,009.23","","0.71%"
"09/06/2019","1,013.90","1,023.81","1,025.90","1,009.19","","-0.97%"
"09/05/2019","1,023.81","1,024.71","1,025.38","1,021.72","","-0.09%"
"09/04/2019","1,024.71","1,031.37","1,033.93","1,024.34","","-0.65%"
"09/03/2019","1,031.37","1,032.92","1,034.37","1,025.39","","0.99%"
"09/02/2019","1,021.24","1,023.94","1,024.74","1,012.33","","-0.06%"
"08/30/2019","1,021.84","1,020.58","1,023.31","1,019.39","","0.09%"
"08/29/2019","1,020.89","1,023.90","1,042.51","1,020.89","","-0.29%"
"08/28/2019","1,023.90","1,022.95","1,023.90","1,020.35","","0.09%"
"08/27/2019","1,023.01","1,022.09","1,024.09","1,020.86","","-0.14%"
"08/26/2019","1,024.46","1,021.70","1,024.46","1,020.13","","0.21%"
"08/23/2019","1,022.32","1,019.56","1,034.39","1,016.76","","0.27%"
"08/22/2019","1,019.56","1,032.26","1,041.48","1,019.56","","-1.05%"
"08/21/2019","1,030.42","1,037.48","1,037.48","1,029.74","","-0.68%"
"08/20/2019","1,037.48","1,032.19","1,037.48","1,032.19","","0.20%"
"08/19/2019","1,035.36","1,033.31","1,039.62","1,033.31","","0.20%"
"08/16/2019","1,033.31","1,030.84","1,033.31","1,027.99","","-0.01%"
"08/15/2019","1,033.37","1,043.50","1,043.50","1,031.92","","-1.33%"
"08/14/2019","1,047.32","1,031.84","1,047.32","1,031.03","","1.56%"
"08/13/2019","1,031.22","1,033.96","1,036.49","1,031.22","","-0.26%"
"08/12/2019","1,033.96","1,036.08","1,036.21","1,032.80","","-0.45%"
"08/09/2019","1,038.64","1,037.36","1,039.39","1,034.90","","0.12%"
"08/08/2019","1,037.36","1,032.42","1,037.75","1,032.07","","0.48%"
"08/07/2019","1,032.42","1,038.34","1,040.19","1,029.80","","-0.51%"
"08/06/2019","1,037.73","1,040.93","1,040.93","1,037.54","","-0.31%"
"08/05/2019","1,040.93","1,042.76","1,045.96","1,035.99","","-0.23%"
"08/02/2019","1,043.33","1,042.32","1,045.37","1,039.63","","0.07%"
"08/01/2019","1,042.61","1,038.95","1,046.10","1,038.51","","0.35%"
"07/31/2019","1,038.95","1,039.88","1,039.88","1,035.91","","-0.09%"
"07/30/2019","1,039.88","1,052.57","1,057.40","1,039.81","","-1.21%"
"07/29/2019","1,052.57","1,034.05","1,052.57","1,032.55","","1.97%"
"07/26/2019","1,032.21","1,033.67","1,038.26","1,029.87","","-0.14%"
"07/25/2019","1,033.67","1,030.52","1,033.67","1,028.44","","0.25%"
"07/24/2019","1,031.13","1,032.60","1,032.60","1,030.83","","-0.14%"
"07/23/2019","1,032.60","1,025.79","1,037.72","1,024.56","","0.66%"
"07/22/2019","1,025.79","1,034.26","1,034.26","1,024.65","","-0.88%"
"07/19/2019","1,034.91","1,031.76","1,040.46","1,031.20","","0.31%"
"07/18/2019","1,031.76","1,024.19","1,035.28","1,019.33","","0.74%"
"07/17/2019","1,024.19","1,020.37","1,024.19","1,019.86","","0.48%"
"07/16/2019","1,019.27","1,008.27","1,021.69","1,007.45","","0.97%"
"07/15/2019","1,009.46","1,016.70","1,016.70","1,009.41","","-0.77%"
"07/12/2019","1,017.29","1,019.33","1,033.20","1,015.59","","-0.67%"
"07/11/2019","1,024.18","1,017.09","1,027.81","1,015.57","","0.70%"
"07/10/2019","1,017.09","1,020.70","1,030.03","1,015.18","","-0.35%"
"07/09/2019","1,020.70","1,044.14","1,044.14","882.68","","-2.24%"
"07/08/2019","1,044.14","1,022.23","1,044.14","1,015.28","","2.68%"
"07/05/2019","1,016.87","1,008.76","1,016.87","1,007.32","","0.85%"
"07/04/2019","1,008.25","1,030.16","1,031.46","1,008.25","","-2.13%"
"07/03/2019","1,030.16","1,020.16","1,031.26","1,011.30","","2.36%"
"07/02/2019","1,006.36","1,020.98","1,020.98","1,004.79","","-1.43%"
"07/01/2019","1,020.98","1,021.78","1,032.55","1,020.98","","-0.08%"
"06/28/2019","1,021.80","1,021.59","1,023.99","1,021.59","","0.16%"
"06/27/2019","1,020.18","1,023.24","1,023.36","1,019.71","","-0.30%"
"06/26/2019","1,023.24","1,026.60","1,027.07","1,022.44","","-0.46%"
"06/25/2019","1,027.94","1,019.72","1,027.94","1,019.33","","0.81%"
"06/21/2019","1,019.69","1,025.14","1,025.25","1,015.25","","-0.53%"
"06/20/2019","1,025.14","1,021.07","1,025.14","1,019.14","","0.35%"
"06/19/2019","1,021.54","1,023.83","1,028.37","1,018.82","","-0.22%"
"06/18/2019","1,023.83","1,073.85","1,073.85","1,014.76","","-4.01%"
"06/17/2019","1,066.59","1,073.19","1,073.19","1,066.59","","-0.61%"
"06/14/2019","1,073.19","1,078.68","1,081.51","1,070.05","","-0.51%"
"06/13/2019","1,078.68","1,078.33","1,080.72","1,075.49","","0.03%"
"06/12/2019","1,078.32","1,069.43","1,079.70","1,069.43","","0.83%"
"06/11/2019","1,069.43","1,068.48","1,069.43","1,058.17","","0.04%"
"06/10/2019","1,068.97","1,072.13","1,072.13","1,062.36","","0.05%"
"06/07/2019","1,068.46","1,070.52","1,070.94","1,065.93","","-0.19%"
"06/06/2019","1,070.52","1,059.25","1,070.52","1,059.25","","1.22%"
"06/05/2019","1,057.65","1,066.42","1,066.42","1,056.34","","-0.73%"
"06/04/2019","1,065.47","1,060.77","1,067.90","1,054.40","","0.53%"
"06/03/2019","1,059.83","1,059.79","1,070.35","1,058.22","","0.84%"
"05/31/2019","1,051.03","1,047.37","1,054.79","1,042.00","","0.69%"
"05/29/2019","1,043.84","1,037.63","1,045.92","1,031.83","","0.66%"
"05/28/2019","1,037.03","1,032.25","1,037.03","1,030.72","","0.46%"
"05/27/2019","1,032.25","1,028.75","1,032.25","1,025.62","","0.29%"
"05/24/2019","1,029.22","1,024.06","1,035.67","1,024.06","","0.63%"
"05/23/2019","1,022.79","1,022.25","1,029.68","1,019.58","","0.05%"
"05/22/2019","1,022.25","1,025.18","1,027.24","1,022.10","","-0.29%"
"05/21/2019","1,025.18","1,028.64","1,028.94","1,021.97","","-0.26%"
"05/20/2019","1,027.85","1,021.37","1,027.85","1,021.37","","0.22%"
"05/17/2019","1,025.55","1,028.87","1,028.92","1,021.06","","-0.17%"
"05/16/2019","1,027.27","1,019.79","1,033.00","1,014.98","","0.60%"
"05/15/2019","1,021.10","1,018.07","1,021.10","1,012.81","","0.53%"
"05/14/2019","1,015.67","1,017.28","1,017.28","1,013.71","","-0.16%"
"05/13/2019","1,017.28","1,025.79","1,025.79","1,015.67","","-0.83%"
"05/10/2019","1,025.79","1,022.15","1,025.79","1,021.68","","0.37%"
"05/09/2019","1,021.96","1,012.78","1,021.96","1,008.63","","0.91%"
"05/08/2019","1,012.78","1,030.93","1,031.40","1,010.67","","-1.81%"
"05/07/2019","1,031.40","1,026.95","1,031.40","1,023.95","","0.30%"
"05/03/2019","1,028.36","1,025.44","1,029.11","1,024.08","","0.13%"
"05/02/2019","1,027.05","1,024.45","1,027.05","1,024.15","","0.05%"
"04/30/2019","1,026.53","1,026.66","1,027.39","1,024.48","","0.03%"
"04/29/2019","1,026.19","1,029.51","1,030.93","1,026.19","","-0.32%"
"04/26/2019","1,029.51","1,031.98","1,032.15","1,024.00","","-0.28%"
"04/25/2019","1,032.45","1,021.64","1,033.49","1,021.64","","1.15%"
"04/24/2019","1,020.70","1,018.66","1,021.59","1,017.04","","0.60%"
"04/23/2019","1,014.66","1,016.51","1,016.90","1,013.08","","-0.18%"
"04/18/2019","1,016.51","1,016.33","1,018.12","1,014.25","","0.02%"
"04/17/2019","1,016.33","1,021.99","1,022.49","1,015.75","","-0.51%"
"04/16/2019","1,021.52","1,018.76","1,024.99","1,018.27","","0.43%"
"04/15/2019","1,017.16","963.18","1,028.31","963.18","","5.60%"
"04/12/2019","963.18","968.58","969.05","961.93","","-0.56%"
"04/11/2019","968.58","980.13","985.56","968.58","","-1.10%"
"04/10/2019","979.33","977.13","980.71","976.37","","0.23%"
"04/09/2019","977.13","983.95","986.02","977.13","","-0.61%"
"04/08/2019","983.10","983.63","988.58","982.85","","-0.01%"
"04/05/2019","983.16","976.62","995.87","972.38","","0.44%"
"04/04/2019","978.83","973.90","978.83","969.85","","0.51%"
"04/03/2019","973.90","978.49","983.90","973.90","","-0.90%"
"04/02/2019","982.76","978.99","982.76","978.99","","0.39%"
"04/01/2019","978.98","976.56","978.98","976.56","","0.00%"
"03/29/2019","978.98","970.84","980.32","970.67","","0.77%"
"03/28/2019","971.52","968.59","971.52","968.59","","0.32%"
"03/27/2019","968.45","974.52","974.52","968.45","","-0.16%"
"03/26/2019","969.97","970.45","971.63","969.89","","-0.05%"
"03/25/2019","970.45","977.48","978.93","970.45","","-0.74%"
"03/22/2019","977.73","978.10","980.29","977.13","","-0.04%"
"03/21/2019","978.17","972.17","981.91","972.17","","0.62%"
"03/20/2019","972.17","970.59","974.53","970.49","","0.16%"
"03/19/2019","970.66","973.57","975.12","966.74","","-1.11%"
"03/18/2019","981.56","981.14","981.56","977.16","","-0.32%"
"03/15/2019","984.67","983.50","984.67","983.39","","0.11%"
"03/14/2019","983.58","985.87","985.87","983.58","","-0.23%"
"03/13/2019","985.87","976.33","986.27","975.16","","0.88%"
"03/12/2019","977.29","985.22","989.46","977.29","","-0.80%"
"03/11/2019","985.22","989.25","993.49","983.62","","-0.36%"
"03/08/2019","988.79","988.29","990.31","987.11","","0.05%"
"03/07/2019","988.29","989.36","989.36","987.00","","0.01%"
"03/06/2019","988.18","978.84","988.72","978.84","","0.74%"
"03/05/2019","980.95","988.57","988.57","980.95","","-0.25%"
"03/04/2019","983.37","977.93","985.79","977.93","","0.82%"
"03/01/2019","975.36","992.59","992.59","973.86","","-1.74%"
"02/28/2019","992.59","994.44","994.44","984.08","","-0.19%"
"02/27/2019","994.44","990.58","994.48","986.34","","0.39%"
"02/26/2019","990.58","993.32","993.32","990.58","","-0.16%"
"02/25/2019","992.15","989.38","994.02","989.38","","0.27%"
"02/22/2019","989.43","984.26","989.43","983.08","","0.53%"
"02/21/2019","984.26","991.68","991.94","984.26","","-0.87%"
"02/20/2019","992.85","988.73","994.03","987.45","","0.37%"
"02/19/2019","989.23","987.73","989.55","987.09","","0.03%"
"02/18/2019","988.91","984.53","996.85","984.53","","0.93%"
"02/15/2019","979.82","981.24","985.83","977.36","","-0.11%"
"02/14/2019","980.92","985.94","990.79","975.48","","-0.41%"
"02/13/2019","984.97","990.52","992.17","982.41","","-0.61%"
"02/12/2019","991.00","997.55","997.75","988.84","","-0.66%"
"02/11/2019","997.55","993.10","998.63","993.10","","0.45%"
"02/08/2019","993.10","989.39","998.37","989.39","","-0.48%"
"02/07/2019","997.87","1,002.08","1,002.08","997.87","","-0.42%"
"02/06/2019","1,002.08","1,006.51","1,007.43","996.09","","-0.04%"
"02/05/2019","1,002.51","1,000.86","1,007.11","1,000.86","","0.16%"
"02/04/2019","1,000.86","994.81","1,002.79","994.72","","0.66%"
"02/01/2019","994.33","989.77","994.41","985.37","","0.46%"
"01/31/2019","989.77","995.94","998.24","989.77","","0.23%"
"01/30/2019","987.46","982.63","987.46","982.63","","0.39%"
"01/29/2019","983.65","982.08","985.90","981.09","","0.04%"
"01/28/2019","983.26","981.37","987.40","980.25","","-0.07%"
"01/25/2019","983.93","989.85","1,003.77","981.05","","-0.47%"
"01/24/2019","988.57","976.33","988.57","975.04","","1.33%"
"01/23/2019","975.63","967.26","976.01","967.26","","0.81%"
"01/22/2019","967.75","980.25","980.25","967.75","","-1.26%"
"01/21/2019","980.05","984.39","988.52","980.05","","-0.40%"
"01/18/2019","984.00","979.06","985.94","979.06","","0.63%"
"01/17/2019","977.88","973.05","978.52","973.05","","0.50%"
"01/16/2019","973.05","968.07","975.68","968.07","","0.33%"
"01/15/2019","969.89","967.27","971.61","967.27","","-0.60%"
"01/14/2019","975.74","969.62","975.95","967.35","","1.74%"
"01/11/2019","959.01","961.75","963.89","956.20","","-0.28%"
"01/10/2019","961.75","956.33","961.75","956.03","","0.56%"
"01/09/2019","956.42","971.88","971.88","955.07","","-1.61%"
"01/08/2019","972.05","952.65","972.51","952.61","","2.04%"
"01/07/2019","952.65","944.40","959.15","944.40","","0.86%"
"01/04/2019","944.50","952.76","953.72","941.01","","-0.92%"
"01/03/2019","953.26","943.49","953.26","941.96","","2.42%"
"01/02/2019","930.77","928.61","934.69","928.61","","0.19%"
"12/28/2018","929.02","939.82","943.08","928.37","","-1.66%"
"12/27/2018","944.67","938.59","944.67","935.10","","0.76%"
"12/21/2018","937.53","958.02","959.63","937.53","","-2.09%"
"12/20/2018","957.53","953.02","958.86","951.97","","0.47%"
"12/19/2018","953.02","945.18","954.66","944.97","","0.83%"
"12/18/2018","945.18","951.70","965.22","944.98","","-0.60%"
"12/17/2018","950.91","969.91","969.91","950.84","","-1.31%"
"12/14/2018","963.53","974.49","974.49","963.53","","-0.69%"
"12/13/2018","970.25","965.07","970.28","965.07","","0.54%"
"12/12/2018","965.07","946.30","965.07","946.30","","1.98%"
"12/11/2018","946.30","959.27","960.19","946.30","","-1.35%"
"12/10/2018","959.27","956.91","960.18","946.08","","-0.20%"
"12/07/2018","961.15","951.32","963.49","949.66","","1.07%"
"12/06/2018","951.00","951.50","952.88","950.48","","-0.05%"
"12/05/2018","951.50","965.35","965.35","951.50","","-1.01%"
"12/04/2018","961.25","957.02","961.89","956.06","","0.32%"
"12/03/2018","958.20","955.99","964.23","955.99","","0.26%"
"11/30/2018","955.74","940.20","956.06","940.20","","1.53%"
"11/29/2018","941.38","947.59","956.78","938.60","","-0.66%"
"11/28/2018","947.59","936.03","951.01","935.83","","1.60%"
"11/27/2018","932.63","953.67","953.67","932.63","","-2.21%"
"11/26/2018","953.67","953.23","956.48","953.23","","0.04%"
"11/23/2018","953.33","954.91","955.03","949.58","","-0.01%"
"11/22/2018","953.46","953.08","956.56","949.35","","-0.01%"
"11/21/2018","953.57","934.71","954.10","930.79","","1.61%"
"11/20/2018","938.43","941.64","953.48","938.11","","-0.34%"
"11/16/2018","941.64","932.06","942.17","931.56","","1.13%"
"11/15/2018","931.08","962.50","962.50","930.58","","-3.38%"
"11/14/2018","963.69","949.07","963.69","940.41","","1.54%"
"11/13/2018","949.07","950.19","950.19","946.55","","-0.10%"
"11/12/2018","950.06","952.12","955.34","948.12","","0.04%"
"11/09/2018","949.66","949.02","957.60","947.80","","0.07%"
"11/08/2018","949.02","950.96","959.42","937.49","","-0.10%"
"11/07/2018","949.94","950.69","952.84","949.27","","-0.08%"
"11/06/2018","950.69","954.71","954.71","950.69","","-0.17%"
"11/05/2018","952.33","957.04","957.04","947.45","","-0.49%"
"11/02/2018","957.04","954.71","957.04","953.52","","0.24%"
"11/01/2018","954.71","953.82","954.71","953.82","","0.22%"
"10/31/2018","952.60","936.89","954.19","935.72","","1.80%"
"10/30/2018","935.72","946.80","952.43","935.72","","-1.17%"
"10/29/2018","946.80","940.86","950.01","940.86","","0.70%"
"10/26/2018","940.25","938.66","942.25","937.49","","0.20%"
"10/25/2018","938.34","941.88","942.52","935.39","","-0.46%"
"10/24/2018","942.66","941.29","943.93","939.44","","0.15%"
"10/23/2018","941.29","938.53","942.43","936.19","","0.29%"
"10/22/2018","938.53","963.24","969.39","938.44","","-2.57%"
"10/19/2018","963.24","967.81","967.81","963.24","","-0.59%"
"10/18/2018","968.98","946.52","969.08","943.62","","2.30%"
"10/17/2018","947.15","947.50","947.50","944.17","","-0.04%"
"10/16/2018","947.50","954.12","955.17","946.31","","-0.12%"
"10/15/2018","948.68","935.36","950.69","933.06","","1.42%"
"10/12/2018","935.36","914.28","935.99","914.28","","2.16%"
"10/11/2018","915.62","960.97","960.97","915.62","","-4.83%"
"10/10/2018","962.13","963.55","963.55","946.79","","-0.15%"
"10/09/2018","963.55","980.95","980.96","949.13","","-1.79%"
"10/08/2018","981.09","977.10","992.19","976.61","","0.41%"
"10/05/2018","977.10","980.40","980.40","973.49","","-0.46%"
"10/04/2018","981.57","979.04","981.57","978.85","","0.26%"
"10/03/2018","979.04","989.32","989.32","979.04","","-0.80%"
"10/02/2018","986.89","986.49","991.30","986.10","","1.15%"
"10/01/2018","975.69","977.91","983.00","973.11","","-0.23%"
"09/28/2018","977.91","980.62","986.28","976.75","","-0.16%"
"09/27/2018","979.46","985.78","986.41","979.46","","-0.64%"
"09/26/2018","985.78","980.91","985.78","980.91","","0.50%"
"09/25/2018","980.91","981.49","983.23","980.91","","-0.85%"
"09/21/2018","989.36","986.71","990.00","986.71","","0.27%"
"09/20/2018","986.72","986.56","989.36","986.56","","0.32%"
"09/19/2018","983.55","987.90","988.53","973.63","","-0.56%"
"09/18/2018","989.06","967.95","989.06","967.95","","2.44%"
"09/17/2018","965.52","967.62","967.82","960.50","","0.10%"
"09/14/2018","964.55","979.20","983.37","963.29","","-1.50%"
"09/13/2018","979.20","977.46","988.86","977.05","","0.19%"
"09/12/2018","977.36","976.90","983.86","975.74","","1.86%"
"09/11/2018","959.47","952.63","960.63","951.47","","0.77%"
"09/10/2018","952.18","954.91","961.30","951.02","","-0.27%"
"09/07/2018","954.75","957.66","964.65","954.75","","-0.30%"
"09/06/2018","957.66","964.85","964.85","952.29","","-0.33%"
"09/05/2018","960.84","959.57","964.51","957.26","","-0.23%"
"09/04/2018","963.04","970.70","970.70","960.49","","-1.07%"
"09/03/2018","973.43","974.35","977.06","972.89","","-0.57%"
"08/31/2018","979.01","984.20","987.57","969.95","","-0.27%"
"08/30/2018","981.68","977.64","981.68","976.85","","0.41%"
"08/29/2018","977.64","983.96","985.22","975.43","","-0.64%"
"08/28/2018","983.96","973.28","985.88","973.28","","1.07%"
"08/27/2018","973.59","975.91","989.34","973.44","","-0.21%"
"08/24/2018","975.62","995.09","995.09","975.62","","-1.96%"
"08/23/2018","995.09","1,000.51","1,000.51","994.03","","-0.54%"
"08/22/2018","1,000.51","999.11","1,001.02","999.11","","0.33%"
"08/21/2018","997.22","997.46","1,002.44","996.85","","-0.03%"
"08/20/2018","997.55","1,000.61","1,002.01","997.55","","-0.30%"
"08/17/2018","1,000.51","999.23","1,001.02","999.13","","0.14%"
"08/16/2018","999.13","994.07","999.69","993.29","","0.29%"
"08/15/2018","996.22","997.88","999.62","996.12","","-0.04%"
"08/14/2018","996.62","998.12","998.33","993.63","","-0.15%"
"08/13/2018","998.12","1,006.05","1,006.05","988.40","","-0.82%"
"08/10/2018","1,006.36","1,005.49","1,006.36","1,004.73","","0.09%"
"08/09/2018","1,005.49","1,009.92","1,009.92","1,000.14","","-0.44%"
"08/08/2018","1,009.93","1,009.69","1,012.53","1,005.76","","0.04%"
"08/07/2018","1,009.50","1,022.34","1,022.34","1,008.34","","-1.14%"
"08/06/2018","1,021.18","1,014.23","1,023.54","1,014.23","","-0.13%"
"08/03/2018","1,022.56","1,028.29","1,028.30","1,022.56","","-0.56%"
"08/02/2018","1,028.29","1,024.17","1,029.42","1,024.17","","0.50%"
"08/01/2018","1,023.22","1,027.02","1,027.02","1,023.22","","-0.37%"
"07/31/2018","1,027.02","994.54","1,027.02","994.54","","3.27%"
"07/30/2018","994.54","995.97","995.97","992.84","","-0.15%"
"07/27/2018","996.01","1,010.31","1,013.16","996.01","","-1.43%"
"07/26/2018","1,010.41","1,014.04","1,029.40","1,007.42","","-0.36%"
"07/25/2018","1,014.04","1,014.23","1,015.41","998.80","","-0.02%"
"07/24/2018","1,014.23","1,016.04","1,016.95","1,011.64","","-0.27%"
"07/23/2018","1,016.99","1,031.79","1,031.79","1,016.99","","-1.35%"
"07/20/2018","1,030.95","1,029.21","1,033.26","1,027.03","","0.29%"
"07/19/2018","1,027.97","1,029.92","1,046.31","1,026.98","","-0.18%"
"07/18/2018","1,029.82","1,030.12","1,033.90","1,029.82","","-0.26%"
"07/17/2018","1,032.52","1,020.29","1,032.92","1,017.67","","0.95%"
"07/16/2018","1,022.76","1,047.39","1,047.39","1,022.76","","-2.24%"
"07/13/2018","1,046.16","1,050.17","1,054.68","1,046.16","","-0.25%"
"07/12/2018","1,048.81","1,050.16","1,050.16","1,048.61","","-0.13%"
"07/11/2018","1,050.16","1,055.61","1,055.71","1,049.75","","-0.52%"
"07/10/2018","1,055.61","1,031.57","1,057.64","1,030.33","","1.81%"
"07/06/2018","1,036.89","1,038.30","1,038.31","1,036.89","","-0.09%"
"07/05/2018","1,037.79","1,035.30","1,037.79","1,032.28","","0.05%"
"07/04/2018","1,037.32","1,041.54","1,041.54","1,037.32","","-0.37%"
"07/03/2018","1,041.13","1,037.94","1,042.14","1,036.93","","0.31%"
"07/02/2018","1,037.94","1,076.29","1,076.29","1,033.71","","-1.83%"
"06/29/2018","1,057.31","1,054.37","1,058.39","1,054.37","","0.19%"
"06/28/2018","1,055.33","1,046.63","1,056.48","1,046.11","","0.43%"
"06/27/2018","1,050.76","1,057.51","1,057.51","1,049.30","","-0.77%"
"06/26/2018","1,058.90","1,058.51","1,059.93","1,055.40","","-0.07%"
"06/25/2018","1,059.69","1,059.59","1,059.88","1,059.59","","0.01%"
"06/22/2018","1,059.59","1,056.93","1,060.99","1,056.93","","0.25%"
"06/21/2018","1,056.93","1,049.80","1,057.37","1,049.80","","0.68%"
"06/20/2018","1,049.80","1,029.44","1,051.36","1,028.56","","1.98%"
"06/19/2018","1,029.44","1,049.20","1,049.20","1,029.44","","-1.97%"
"06/18/2018","1,050.18","1,041.58","1,050.72","1,041.50","","0.85%"
"06/15/2018","1,041.28","1,050.05","1,050.35","1,041.28","","-0.84%"
"06/14/2018","1,050.05","1,055.05","1,058.55","1,049.95","","-0.47%"
"06/13/2018","1,055.05","1,042.07","1,057.40","1,042.07","","1.25%"
"06/12/2018","1,042.07","1,035.38","1,044.42","1,034.25","","0.67%"
"06/11/2018","1,035.18","1,036.78","1,037.74","1,035.18","","-0.29%"
"06/08/2018","1,038.18","1,047.85","1,047.88","1,038.18","","-0.86%"
"06/07/2018","1,047.21","1,047.16","1,048.15","1,046.01","","0.00%"
"06/06/2018","1,047.16","1,048.06","1,050.41","1,044.49","","-0.09%"
"06/05/2018","1,048.06","1,046.22","1,052.00","1,042.32","","0.20%"
"06/04/2018","1,046.02","1,048.44","1,052.83","1,045.06","","0.18%"
"06/01/2018","1,044.19","1,044.48","1,050.08","1,040.98","","-1.32%"
"05/31/2018","1,058.17","1,058.71","1,059.00","1,054.84","","-0.04%"
"05/30/2018","1,058.61","1,046.45","1,062.30","1,045.14","","1.18%"
"05/29/2018","1,046.23","1,058.55","1,059.32","1,046.23","","-1.16%"
"05/28/2018","1,058.55","1,048.36","1,062.00","1,048.36","","0.89%"
"05/25/2018","1,049.21","1,038.75","1,049.53","1,034.02","","1.03%"
"05/24/2018","1,038.55","1,038.72","1,040.93","1,038.05","","-0.02%"
"05/23/2018","1,038.72","1,040.89","1,045.69","1,036.84","","-0.20%"
"05/22/2018","1,040.77","1,037.29","1,041.26","1,034.69","","0.34%"
"05/21/2018","1,037.29","1,046.24","1,047.73","1,033.73","","-0.94%"
"05/18/2018","1,047.11","1,040.80","1,048.62","1,038.66","","0.61%"
"05/17/2018","1,040.80","1,039.22","1,067.63","1,036.53","","-3.01%"
"05/16/2018","1,073.15","1,041.49","1,073.15","1,041.49","","2.99%"
"05/15/2018","1,041.95","1,068.09","1,068.09","1,039.60","","-2.56%"
"05/14/2018","1,069.31","1,071.50","1,071.50","1,069.31","","-0.23%"
"05/11/2018","1,071.77","1,047.75","1,071.77","1,046.07","","2.29%"
"05/09/2018","1,047.75","1,047.43","1,047.92","1,046.13","","0.10%"
"05/08/2018","1,046.69","1,036.95","1,049.49","1,036.89","","1.00%"
"05/07/2018","1,036.31","1,111.54","1,111.54","1,032.30","","0.52%"
"05/03/2018","1,031.00","1,118.04","1,118.04","1,029.93","","-7.79%"
"05/02/2018","1,118.04","1,038.06","1,143.65","1,037.94","","7.59%"
"04/27/2018","1,039.17","1,062.68","1,062.68","1,036.98","","-2.11%"
"04/26/2018","1,061.53","1,047.34","1,061.53","1,047.34","","1.35%"
"04/25/2018","1,047.34","1,046.09","1,050.68","1,046.09","","0.12%"
"04/24/2018","1,046.09","1,048.71","1,049.88","1,046.09","","-0.25%"
"04/23/2018","1,048.71","1,052.71","1,052.71","1,048.21","","-0.27%"
"04/20/2018","1,051.53","1,055.79","1,056.16","1,049.93","","-0.02%"
"04/19/2018","1,051.70","1,054.36","1,062.93","1,049.65","","-0.25%"
"04/18/2018","1,054.36","1,041.68","1,054.36","1,041.68","","1.22%"
"04/17/2018","1,041.68","1,036.45","1,041.68","1,034.48","","0.51%"
"04/16/2018","1,036.38","1,051.30","1,052.47","1,034.19","","-0.51%"
"04/13/2018","1,041.70","1,044.05","1,044.05","1,033.25","","0.62%"
"04/12/2018","1,035.32","1,032.58","1,035.56","1,031.39","","0.38%"
"04/11/2018","1,031.40","1,045.06","1,051.84","1,031.37","","-1.31%"
"04/10/2018","1,045.06","1,029.43","1,045.06","1,029.43","","1.54%"
"04/09/2018","1,029.18","1,040.68","1,040.68","1,026.58","","-1.11%"
"04/06/2018","1,040.68","1,031.61","1,040.68","1,030.42","","0.88%"
"04/05/2018","1,031.61","1,042.26","1,042.30","1,030.01","","-1.02%"
"04/04/2018","1,042.26","1,044.35","1,044.79","1,036.14","","-0.20%"
"04/03/2018","1,044.35","1,050.74","1,050.74","1,041.50","","-0.17%"
"03/29/2018","1,046.18","1,044.77","1,046.18","1,041.56","","0.66%"
"03/28/2018","1,039.37","1,042.93","1,043.90","1,038.14","","-0.09%"
"03/27/2018","1,040.34","1,040.42","1,042.40","1,039.57","","-0.01%"
"03/26/2018","1,040.42","1,040.16","1,042.26","1,039.71","","0.02%"
"03/23/2018","1,040.16","1,037.21","1,050.10","1,037.21","","0.18%"
"03/22/2018","1,038.33","1,038.09","1,053.68","1,036.38","","0.14%"
"03/21/2018","1,036.91","1,049.63","1,049.63","1,036.86","","-1.09%"
"03/20/2018","1,048.35","1,033.72","1,048.35","1,033.72","","1.53%"
"03/19/2018","1,032.55","1,030.04","1,035.10","1,025.55","","0.27%"
"03/16/2018","1,029.80","1,035.51","1,035.51","1,029.48","","-0.55%"
"03/15/2018","1,035.51","1,040.38","1,040.38","1,035.51","","-0.31%"
"03/14/2018","1,038.71","1,040.71","1,041.44","1,038.46","","-0.19%"
"03/13/2018","1,040.71","1,016.98","1,041.23","1,015.20","","2.33%"
"03/12/2018","1,016.98","1,046.34","1,047.02","1,016.98","","-2.71%"
"03/09/2018","1,045.29","1,045.48","1,045.71","1,044.26","","0.13%"
"03/08/2018","1,043.98","1,044.31","1,044.68","1,043.98","","2.03%"
"03/07/2018","1,023.18","1,042.17","1,044.33","1,021.44","","-1.78%"
"03/06/2018","1,041.69","1,038.00","1,042.31","1,037.21","","0.54%"
"03/05/2018","1,036.08","1,039.70","1,039.70","1,035.40","","0.88%"
"03/02/2018","1,027.02","1,020.29","1,027.34","1,015.38","","0.66%"
"03/01/2018","1,020.29","1,033.84","1,038.54","1,020.29","","-1.34%"
"02/28/2018","1,034.14","1,033.78","1,037.02","1,031.15","","0.77%"
"02/27/2018","1,026.20","1,025.32","1,026.20","1,021.71","","-0.06%"
"02/26/2018","1,026.77","1,021.03","1,028.37","1,019.61","","0.53%"
"02/23/2018","1,021.34","1,014.79","1,023.15","1,014.79","","0.66%"
"02/22/2018","1,014.68","1,019.01","1,019.01","1,013.03","","-0.45%"
"02/21/2018","1,019.26","1,024.25","1,025.75","1,019.26","","-0.49%"
"02/20/2018","1,024.25","1,023.43","1,025.99","1,021.34","","0.17%"
"02/19/2018","1,022.50","1,021.74","1,023.12","1,018.64","","-0.91%"
"02/16/2018","1,031.92","1,024.36","1,031.92","1,023.21","","0.74%"
"02/15/2018","1,024.36","1,023.10","1,024.86","1,022.54","","0.14%"
"02/14/2018","1,022.92","1,005.90","1,022.92","1,005.46","","1.89%"
"02/13/2018","1,003.91","999.90","1,004.78","999.80","","0.39%"
"02/12/2018","1,000.00","998.56","1,001.27","998.01","","0.18%"
"02/09/2018","998.16","1,008.17","1,008.17","994.38","","-1.18%"
"02/08/2018","1,010.08","1,012.29","1,013.84","1,010.08","","-0.55%"
"02/07/2018","1,015.71","1,004.61","1,020.19","1,004.61","","1.38%"
"02/06/2018","1,001.93","1,008.45","1,008.64","996.29","","-1.66%"
"02/05/2018","1,018.87","1,020.76","1,020.85","1,017.42","","-0.19%"
"02/02/2018","1,020.82","1,040.09","1,040.09","1,018.85","","-1.85%"
"02/01/2018","1,040.09","1,034.52","1,040.56","1,034.52","","0.54%"
"01/31/2018","1,034.54","1,035.76","1,035.76","1,034.53","","-0.16%"
"01/30/2018","1,036.16","1,035.62","1,036.16","1,027.89","","0.05%"
"01/29/2018","1,035.62","1,034.48","1,035.62","1,033.29","","0.07%"
"01/26/2018","1,034.90","1,039.27","1,039.45","1,022.87","","-0.46%"
"01/25/2018","1,039.68","1,031.48","1,039.68","1,025.61","","0.79%"
"01/24/2018","1,031.48","1,037.22","1,038.74","1,031.25","","-0.55%"
"01/23/2018","1,037.19","1,038.67","1,042.11","1,035.55","","-0.14%"
"01/22/2018","1,038.67","1,041.24","1,041.52","1,038.67","","-0.15%"
"01/19/2018","1,040.25","1,036.44","1,046.33","1,036.44","","0.70%"
"01/18/2018","1,033.02","1,027.00","1,033.42","1,027.00","","0.59%"
"01/17/2018","1,027.00","1,025.12","1,032.05","1,025.12","","0.30%"
"01/16/2018","1,023.92","1,025.76","1,025.76","1,022.44","","-0.15%"
"01/15/2018","1,025.50","1,029.78","1,031.24","1,023.60","","-0.42%"
"01/12/2018","1,029.78","1,020.61","1,029.78","1,020.61","","0.23%"
"01/11/2018","1,027.44","1,030.87","1,037.26","1,027.44","","-0.33%"
"01/10/2018","1,030.87","1,032.69","1,036.03","1,026.34","","0.16%"
"01/09/2018","1,029.27","1,032.01","1,032.01","1,027.12","","-0.22%"
"01/08/2018","1,031.57","1,030.90","1,034.91","1,030.38","","0.33%"
"01/05/2018","1,028.20","1,016.25","1,030.61","1,015.43","","1.43%"
"01/04/2018","1,013.67","1,001.69","1,013.67","1,001.69","","1.10%"
"01/03/2018","1,002.64","1,001.45","1,009.20","1,001.45","","0.12%"
"01/02/2018","1,001.45","993.91","1,001.45","993.91","","0.53%"